code,description,category,subcategory,code_system
0001F,Performance measure 1F,Category II - Performance Measures,Quality Measurement,CPT
00100,Anesthesia for procedure 100,Anesthesia,Anesthesia Services,CPT
00110,Anesthesia for procedure 110,Anesthesia,Anesthesia Services,CPT
00120,Anesthesia for procedure 120,Anesthesia,Anesthesia Services,CPT
00130,Anesthesia for procedure 130,Anesthesia,Anesthesia Services,CPT
00140,Anesthesia for procedure 140,Anesthesia,Anesthesia Services,CPT
00150,Anesthesia for procedure 150,Anesthesia,Anesthesia Services,CPT
00160,Anesthesia for procedure 160,Anesthesia,Anesthesia Services,CPT
0016T,Emerging technology procedure 16T,Category III - Emerging Technology,Investigational,CPT
00170,Anesthesia for procedure 170,Anesthesia,Anesthesia Services,CPT
00180,Anesthesia for procedure 180,Anesthesia,Anesthesia Services,CPT
00190,Anesthesia for procedure 190,Anesthesia,Anesthesia Services,CPT
00200,Anesthesia for procedure 200,Anesthesia,Anesthesia Services,CPT
00210,Anesthesia for procedure 210,Anesthesia,Anesthesia Services,CPT
00220,Anesthesia for procedure 220,Anesthesia,Anesthesia Services,CPT
00230,Anesthesia for procedure 230,Anesthesia,Anesthesia Services,CPT
00240,Anesthesia for procedure 240,Anesthesia,Anesthesia Services,CPT
00250,Anesthesia for procedure 250,Anesthesia,Anesthesia Services,CPT
00260,Anesthesia for procedure 260,Anesthesia,Anesthesia Services,CPT
0026T,Emerging technology procedure 26T,Category III - Emerging Technology,Investigational,CPT
00270,Anesthesia for procedure 270,Anesthesia,Anesthesia Services,CPT
00280,Anesthesia for procedure 280,Anesthesia,Anesthesia Services,CPT
00290,Anesthesia for procedure 290,Anesthesia,Anesthesia Services,CPT
00300,Anesthesia for procedure 300,Anesthesia,Anesthesia Services,CPT
00310,Anesthesia for procedure 310,Anesthesia,Anesthesia Services,CPT
00320,Anesthesia for procedure 320,Anesthesia,Anesthesia Services,CPT
00330,Anesthesia for procedure 330,Anesthesia,Anesthesia Services,CPT
00340,Anesthesia for procedure 340,Anesthesia,Anesthesia Services,CPT
00350,Anesthesia for procedure 350,Anesthesia,Anesthesia Services,CPT
00360,Anesthesia for procedure 360,Anesthesia,Anesthesia Services,CPT
0036T,Emerging technology procedure 36T,Category III - Emerging Technology,Investigational,CPT
00370,Anesthesia for procedure 370,Anesthesia,Anesthesia Services,CPT
00380,Anesthesia for procedure 380,Anesthesia,Anesthesia Services,CPT
00390,Anesthesia for procedure 390,Anesthesia,Anesthesia Services,CPT
00400,Anesthesia for procedure 400,Anesthesia,Anesthesia Services,CPT
00410,Anesthesia for procedure 410,Anesthesia,Anesthesia Services,CPT
00420,Anesthesia for procedure 420,Anesthesia,Anesthesia Services,CPT
00430,Anesthesia for procedure 430,Anesthesia,Anesthesia Services,CPT
00440,Anesthesia for procedure 440,Anesthesia,Anesthesia Services,CPT
00450,Anesthesia for procedure 450,Anesthesia,Anesthesia Services,CPT
00460,Anesthesia for procedure 460,Anesthesia,Anesthesia Services,CPT
0046T,Emerging technology procedure 46T,Category III - Emerging Technology,Investigational,CPT
00470,Anesthesia for procedure 470,Anesthesia,Anesthesia Services,CPT
00480,Anesthesia for procedure 480,Anesthesia,Anesthesia Services,CPT
00490,Anesthesia for procedure 490,Anesthesia,Anesthesia Services,CPT
00500,Anesthesia for procedure 500,Anesthesia,Anesthesia Services,CPT
00510,Anesthesia for procedure 510,Anesthesia,Anesthesia Services,CPT
0051F,Performance measure 51F,Category II - Performance Measures,Quality Measurement,CPT
00520,Anesthesia for procedure 520,Anesthesia,Anesthesia Services,CPT
00530,Anesthesia for procedure 530,Anesthesia,Anesthesia Services,CPT
00540,Anesthesia for procedure 540,Anesthesia,Anesthesia Services,CPT
00550,Anesthesia for procedure 550,Anesthesia,Anesthesia Services,CPT
00560,Anesthesia for procedure 560,Anesthesia,Anesthesia Services,CPT
0056T,Emerging technology procedure 56T,Category III - Emerging Technology,Investigational,CPT
00570,Anesthesia for procedure 570,Anesthesia,Anesthesia Services,CPT
00580,Anesthesia for procedure 580,Anesthesia,Anesthesia Services,CPT
00590,Anesthesia for procedure 590,Anesthesia,Anesthesia Services,CPT
00600,Anesthesia for procedure 600,Anesthesia,Anesthesia Services,CPT
00610,Anesthesia for procedure 610,Anesthesia,Anesthesia Services,CPT
00620,Anesthesia for procedure 620,Anesthesia,Anesthesia Services,CPT
00630,Anesthesia for procedure 630,Anesthesia,Anesthesia Services,CPT
00640,Anesthesia for procedure 640,Anesthesia,Anesthesia Services,CPT
00650,Anesthesia for procedure 650,Anesthesia,Anesthesia Services,CPT
00660,Anesthesia for procedure 660,Anesthesia,Anesthesia Services,CPT
0066T,Emerging technology procedure 66T,Category III - Emerging Technology,Investigational,CPT
00670,Anesthesia for procedure 670,Anesthesia,Anesthesia Services,CPT
00680,Anesthesia for procedure 680,Anesthesia,Anesthesia Services,CPT
00690,Anesthesia for procedure 690,Anesthesia,Anesthesia Services,CPT
00700,Anesthesia for procedure 700,Anesthesia,Anesthesia Services,CPT
00710,Anesthesia for procedure 710,Anesthesia,Anesthesia Services,CPT
00720,Anesthesia for procedure 720,Anesthesia,Anesthesia Services,CPT
00730,Anesthesia for procedure 730,Anesthesia,Anesthesia Services,CPT
00740,Anesthesia for procedure 740,Anesthesia,Anesthesia Services,CPT
00750,Anesthesia for procedure 750,Anesthesia,Anesthesia Services,CPT
00760,Anesthesia for procedure 760,Anesthesia,Anesthesia Services,CPT
0076T,Emerging technology procedure 76T,Category III - Emerging Technology,Investigational,CPT
00770,Anesthesia for procedure 770,Anesthesia,Anesthesia Services,CPT
00780,Anesthesia for procedure 780,Anesthesia,Anesthesia Services,CPT
00790,Anesthesia for procedure 790,Anesthesia,Anesthesia Services,CPT
00800,Anesthesia for procedure 800,Anesthesia,Anesthesia Services,CPT
00810,Anesthesia for procedure 810,Anesthesia,Anesthesia Services,CPT
00820,Anesthesia for procedure 820,Anesthesia,Anesthesia Services,CPT
00830,Anesthesia for procedure 830,Anesthesia,Anesthesia Services,CPT
00840,Anesthesia for procedure 840,Anesthesia,Anesthesia Services,CPT
00850,Anesthesia for procedure 850,Anesthesia,Anesthesia Services,CPT
00860,Anesthesia for procedure 860,Anesthesia,Anesthesia Services,CPT
0086T,Emerging technology procedure 86T,Category III - Emerging Technology,Investigational,CPT
00870,Anesthesia for procedure 870,Anesthesia,Anesthesia Services,CPT
00880,Anesthesia for procedure 880,Anesthesia,Anesthesia Services,CPT
00890,Anesthesia for procedure 890,Anesthesia,Anesthesia Services,CPT
00900,Anesthesia for procedure 900,Anesthesia,Anesthesia Services,CPT
00910,Anesthesia for procedure 910,Anesthesia,Anesthesia Services,CPT
00920,Anesthesia for procedure 920,Anesthesia,Anesthesia Services,CPT
00930,Anesthesia for procedure 930,Anesthesia,Anesthesia Services,CPT
00940,Anesthesia for procedure 940,Anesthesia,Anesthesia Services,CPT
00950,Anesthesia for procedure 950,Anesthesia,Anesthesia Services,CPT
00960,Anesthesia for procedure 960,Anesthesia,Anesthesia Services,CPT
0096T,Emerging technology procedure 96T,Category III - Emerging Technology,Investigational,CPT
00970,Anesthesia for procedure 970,Anesthesia,Anesthesia Services,CPT
00980,Anesthesia for procedure 980,Anesthesia,Anesthesia Services,CPT
00990,Anesthesia for procedure 990,Anesthesia,Anesthesia Services,CPT
01000,Anesthesia for procedure 1000,Anesthesia,Anesthesia Services,CPT
01010,Anesthesia for procedure 1010,Anesthesia,Anesthesia Services,CPT
0101F,Performance measure 101F,Category II - Performance Measures,Quality Measurement,CPT
01020,Anesthesia for procedure 1020,Anesthesia,Anesthesia Services,CPT
01030,Anesthesia for procedure 1030,Anesthesia,Anesthesia Services,CPT
01040,Anesthesia for procedure 1040,Anesthesia,Anesthesia Services,CPT
01050,Anesthesia for procedure 1050,Anesthesia,Anesthesia Services,CPT
01060,Anesthesia for procedure 1060,Anesthesia,Anesthesia Services,CPT
0106T,Emerging technology procedure 106T,Category III - Emerging Technology,Investigational,CPT
01070,Anesthesia for procedure 1070,Anesthesia,Anesthesia Services,CPT
01080,Anesthesia for procedure 1080,Anesthesia,Anesthesia Services,CPT
01090,Anesthesia for procedure 1090,Anesthesia,Anesthesia Services,CPT
01100,Anesthesia for procedure 1100,Anesthesia,Anesthesia Services,CPT
01110,Anesthesia for procedure 1110,Anesthesia,Anesthesia Services,CPT
01120,Anesthesia for procedure 1120,Anesthesia,Anesthesia Services,CPT
01130,Anesthesia for procedure 1130,Anesthesia,Anesthesia Services,CPT
01140,Anesthesia for procedure 1140,Anesthesia,Anesthesia Services,CPT
01150,Anesthesia for procedure 1150,Anesthesia,Anesthesia Services,CPT
01160,Anesthesia for procedure 1160,Anesthesia,Anesthesia Services,CPT
0116T,Emerging technology procedure 116T,Category III - Emerging Technology,Investigational,CPT
01170,Anesthesia for procedure 1170,Anesthesia,Anesthesia Services,CPT
01180,Anesthesia for procedure 1180,Anesthesia,Anesthesia Services,CPT
01190,Anesthesia for procedure 1190,Anesthesia,Anesthesia Services,CPT
01200,Anesthesia for procedure 1200,Anesthesia,Anesthesia Services,CPT
01210,Anesthesia for procedure 1210,Anesthesia,Anesthesia Services,CPT
01220,Anesthesia for procedure 1220,Anesthesia,Anesthesia Services,CPT
01230,Anesthesia for procedure 1230,Anesthesia,Anesthesia Services,CPT
01240,Anesthesia for procedure 1240,Anesthesia,Anesthesia Services,CPT
01250,Anesthesia for procedure 1250,Anesthesia,Anesthesia Services,CPT
01260,Anesthesia for procedure 1260,Anesthesia,Anesthesia Services,CPT
0126T,Emerging technology procedure 126T,Category III - Emerging Technology,Investigational,CPT
01270,Anesthesia for procedure 1270,Anesthesia,Anesthesia Services,CPT
01280,Anesthesia for procedure 1280,Anesthesia,Anesthesia Services,CPT
01290,Anesthesia for procedure 1290,Anesthesia,Anesthesia Services,CPT
01300,Anesthesia for procedure 1300,Anesthesia,Anesthesia Services,CPT
01310,Anesthesia for procedure 1310,Anesthesia,Anesthesia Services,CPT
01320,Anesthesia for procedure 1320,Anesthesia,Anesthesia Services,CPT
01330,Anesthesia for procedure 1330,Anesthesia,Anesthesia Services,CPT
01340,Anesthesia for procedure 1340,Anesthesia,Anesthesia Services,CPT
01350,Anesthesia for procedure 1350,Anesthesia,Anesthesia Services,CPT
01360,Anesthesia for procedure 1360,Anesthesia,Anesthesia Services,CPT
0136T,Emerging technology procedure 136T,Category III - Emerging Technology,Investigational,CPT
01370,Anesthesia for procedure 1370,Anesthesia,Anesthesia Services,CPT
01380,Anesthesia for procedure 1380,Anesthesia,Anesthesia Services,CPT
01390,Anesthesia for procedure 1390,Anesthesia,Anesthesia Services,CPT
01400,Anesthesia for procedure 1400,Anesthesia,Anesthesia Services,CPT
01410,Anesthesia for procedure 1410,Anesthesia,Anesthesia Services,CPT
01420,Anesthesia for procedure 1420,Anesthesia,Anesthesia Services,CPT
01430,Anesthesia for procedure 1430,Anesthesia,Anesthesia Services,CPT
01440,Anesthesia for procedure 1440,Anesthesia,Anesthesia Services,CPT
01450,Anesthesia for procedure 1450,Anesthesia,Anesthesia Services,CPT
01460,Anesthesia for procedure 1460,Anesthesia,Anesthesia Services,CPT
0146T,Emerging technology procedure 146T,Category III - Emerging Technology,Investigational,CPT
01470,Anesthesia for procedure 1470,Anesthesia,Anesthesia Services,CPT
01480,Anesthesia for procedure 1480,Anesthesia,Anesthesia Services,CPT
01490,Anesthesia for procedure 1490,Anesthesia,Anesthesia Services,CPT
01500,Anesthesia for procedure 1500,Anesthesia,Anesthesia Services,CPT
01510,Anesthesia for procedure 1510,Anesthesia,Anesthesia Services,CPT
0151F,Performance measure 151F,Category II - Performance Measures,Quality Measurement,CPT
01520,Anesthesia for procedure 1520,Anesthesia,Anesthesia Services,CPT
01530,Anesthesia for procedure 1530,Anesthesia,Anesthesia Services,CPT
01540,Anesthesia for procedure 1540,Anesthesia,Anesthesia Services,CPT
01550,Anesthesia for procedure 1550,Anesthesia,Anesthesia Services,CPT
01560,Anesthesia for procedure 1560,Anesthesia,Anesthesia Services,CPT
0156T,Emerging technology procedure 156T,Category III - Emerging Technology,Investigational,CPT
01570,Anesthesia for procedure 1570,Anesthesia,Anesthesia Services,CPT
01580,Anesthesia for procedure 1580,Anesthesia,Anesthesia Services,CPT
01590,Anesthesia for procedure 1590,Anesthesia,Anesthesia Services,CPT
01600,Anesthesia for procedure 1600,Anesthesia,Anesthesia Services,CPT
01610,Anesthesia for procedure 1610,Anesthesia,Anesthesia Services,CPT
01620,Anesthesia for procedure 1620,Anesthesia,Anesthesia Services,CPT
01630,Anesthesia for procedure 1630,Anesthesia,Anesthesia Services,CPT
01640,Anesthesia for procedure 1640,Anesthesia,Anesthesia Services,CPT
01650,Anesthesia for procedure 1650,Anesthesia,Anesthesia Services,CPT
01660,Anesthesia for procedure 1660,Anesthesia,Anesthesia Services,CPT
0166T,Emerging technology procedure 166T,Category III - Emerging Technology,Investigational,CPT
01670,Anesthesia for procedure 1670,Anesthesia,Anesthesia Services,CPT
01680,Anesthesia for procedure 1680,Anesthesia,Anesthesia Services,CPT
01690,Anesthesia for procedure 1690,Anesthesia,Anesthesia Services,CPT
01700,Anesthesia for procedure 1700,Anesthesia,Anesthesia Services,CPT
01710,Anesthesia for procedure 1710,Anesthesia,Anesthesia Services,CPT
01720,Anesthesia for procedure 1720,Anesthesia,Anesthesia Services,CPT
01730,Anesthesia for procedure 1730,Anesthesia,Anesthesia Services,CPT
01740,Anesthesia for procedure 1740,Anesthesia,Anesthesia Services,CPT
01750,Anesthesia for procedure 1750,Anesthesia,Anesthesia Services,CPT
01760,Anesthesia for procedure 1760,Anesthesia,Anesthesia Services,CPT
0176T,Emerging technology procedure 176T,Category III - Emerging Technology,Investigational,CPT
01770,Anesthesia for procedure 1770,Anesthesia,Anesthesia Services,CPT
01780,Anesthesia for procedure 1780,Anesthesia,Anesthesia Services,CPT
01790,Anesthesia for procedure 1790,Anesthesia,Anesthesia Services,CPT
01800,Anesthesia for procedure 1800,Anesthesia,Anesthesia Services,CPT
01810,Anesthesia for procedure 1810,Anesthesia,Anesthesia Services,CPT
01820,Anesthesia for procedure 1820,Anesthesia,Anesthesia Services,CPT
01830,Anesthesia for procedure 1830,Anesthesia,Anesthesia Services,CPT
01840,Anesthesia for procedure 1840,Anesthesia,Anesthesia Services,CPT
01850,Anesthesia for procedure 1850,Anesthesia,Anesthesia Services,CPT
01860,Anesthesia for procedure 1860,Anesthesia,Anesthesia Services,CPT
0186T,Emerging technology procedure 186T,Category III - Emerging Technology,Investigational,CPT
01870,Anesthesia for procedure 1870,Anesthesia,Anesthesia Services,CPT
01880,Anesthesia for procedure 1880,Anesthesia,Anesthesia Services,CPT
01890,Anesthesia for procedure 1890,Anesthesia,Anesthesia Services,CPT
01900,Anesthesia for procedure 1900,Anesthesia,Anesthesia Services,CPT
01910,Anesthesia for procedure 1910,Anesthesia,Anesthesia Services,CPT
01920,Anesthesia for procedure 1920,Anesthesia,Anesthesia Services,CPT
01930,Anesthesia for procedure 1930,Anesthesia,Anesthesia Services,CPT
01940,Anesthesia for procedure 1940,Anesthesia,Anesthesia Services,CPT
01950,Anesthesia for procedure 1950,Anesthesia,Anesthesia Services,CPT
01960,Anesthesia for procedure 1960,Anesthesia,Anesthesia Services,CPT
0196T,Emerging technology procedure 196T,Category III - Emerging Technology,Investigational,CPT
01970,Anesthesia for procedure 1970,Anesthesia,Anesthesia Services,CPT
01980,Anesthesia for procedure 1980,Anesthesia,Anesthesia Services,CPT
01990,Anesthesia for procedure 1990,Anesthesia,Anesthesia Services,CPT
0201F,Performance measure 201F,Category II - Performance Measures,Quality Measurement,CPT
0206T,Emerging technology procedure 206T,Category III - Emerging Technology,Investigational,CPT
0216T,Emerging technology procedure 216T,Category III - Emerging Technology,Investigational,CPT
0226T,Emerging technology procedure 226T,Category III - Emerging Technology,Investigational,CPT
0236T,Emerging technology procedure 236T,Category III - Emerging Technology,Investigational,CPT
0246T,Emerging technology procedure 246T,Category III - Emerging Technology,Investigational,CPT
0251F,Performance measure 251F,Category II - Performance Measures,Quality Measurement,CPT
0256T,Emerging technology procedure 256T,Category III - Emerging Technology,Investigational,CPT
0266T,Emerging technology procedure 266T,Category III - Emerging Technology,Investigational,CPT
0276T,Emerging technology procedure 276T,Category III - Emerging Technology,Investigational,CPT
0286T,Emerging technology procedure 286T,Category III - Emerging Technology,Investigational,CPT
0296T,Emerging technology procedure 296T,Category III - Emerging Technology,Investigational,CPT
0301F,Performance measure 301F,Category II - Performance Measures,Quality Measurement,CPT
0306T,Emerging technology procedure 306T,Category III - Emerging Technology,Investigational,CPT
0316T,Emerging technology procedure 316T,Category III - Emerging Technology,Investigational,CPT
0326T,Emerging technology procedure 326T,Category III - Emerging Technology,Investigational,CPT
0336T,Emerging technology procedure 336T,Category III - Emerging Technology,Investigational,CPT
0346T,Emerging technology procedure 346T,Category III - Emerging Technology,Investigational,CPT
0351F,Performance measure 351F,Category II - Performance Measures,Quality Measurement,CPT
0356T,Emerging technology procedure 356T,Category III - Emerging Technology,Investigational,CPT
0366T,Emerging technology procedure 366T,Category III - Emerging Technology,Investigational,CPT
0376T,Emerging technology procedure 376T,Category III - Emerging Technology,Investigational,CPT
0386T,Emerging technology procedure 386T,Category III - Emerging Technology,Investigational,CPT
0396T,Emerging technology procedure 396T,Category III - Emerging Technology,Investigational,CPT
0401F,Performance measure 401F,Category II - Performance Measures,Quality Measurement,CPT
0406T,Emerging technology procedure 406T,Category III - Emerging Technology,Investigational,CPT
0416T,Emerging technology procedure 416T,Category III - Emerging Technology,Investigational,CPT
0426T,Emerging technology procedure 426T,Category III - Emerging Technology,Investigational,CPT
0436T,Emerging technology procedure 436T,Category III - Emerging Technology,Investigational,CPT
0446T,Emerging technology procedure 446T,Category III - Emerging Technology,Investigational,CPT
0451F,Performance measure 451F,Category II - Performance Measures,Quality Measurement,CPT
0456T,Emerging technology procedure 456T,Category III - Emerging Technology,Investigational,CPT
0466T,Emerging technology procedure 466T,Category III - Emerging Technology,Investigational,CPT
0476T,Emerging technology procedure 476T,Category III - Emerging Technology,Investigational,CPT
0486T,Emerging technology procedure 486T,Category III - Emerging Technology,Investigational,CPT
0496T,Emerging technology procedure 496T,Category III - Emerging Technology,Investigational,CPT
0501F,Performance measure 501F,Category II - Performance Measures,Quality Measurement,CPT
0506T,Emerging technology procedure 506T,Category III - Emerging Technology,Investigational,CPT
0516T,Emerging technology procedure 516T,Category III - Emerging Technology,Investigational,CPT
0526T,Emerging technology procedure 526T,Category III - Emerging Technology,Investigational,CPT
0536T,Emerging technology procedure 536T,Category III - Emerging Technology,Investigational,CPT
0546T,Emerging technology procedure 546T,Category III - Emerging Technology,Investigational,CPT
0551F,Performance measure 551F,Category II - Performance Measures,Quality Measurement,CPT
0556T,Emerging technology procedure 556T,Category III - Emerging Technology,Investigational,CPT
0566T,Emerging technology procedure 566T,Category III - Emerging Technology,Investigational,CPT
0576T,Emerging technology procedure 576T,Category III - Emerging Technology,Investigational,CPT
0586T,Emerging technology procedure 586T,Category III - Emerging Technology,Investigational,CPT
0596T,Emerging technology procedure 596T,Category III - Emerging Technology,Investigational,CPT
0601F,Performance measure 601F,Category II - Performance Measures,Quality Measurement,CPT
0606T,Emerging technology procedure 606T,Category III - Emerging Technology,Investigational,CPT
0616T,Emerging technology procedure 616T,Category III - Emerging Technology,Investigational,CPT
0626T,Emerging technology procedure 626T,Category III - Emerging Technology,Investigational,CPT
0636T,Emerging technology procedure 636T,Category III - Emerging Technology,Investigational,CPT
0646T,Emerging technology procedure 646T,Category III - Emerging Technology,Investigational,CPT
0651F,Performance measure 651F,Category II - Performance Measures,Quality Measurement,CPT
0656T,Emerging technology procedure 656T,Category III - Emerging Technology,Investigational,CPT
0666T,Emerging technology procedure 666T,Category III - Emerging Technology,Investigational,CPT
0676T,Emerging technology procedure 676T,Category III - Emerging Technology,Investigational,CPT
0686T,Emerging technology procedure 686T,Category III - Emerging Technology,Investigational,CPT
0696T,Emerging technology procedure 696T,Category III - Emerging Technology,Investigational,CPT
0701F,Performance measure 701F,Category II - Performance Measures,Quality Measurement,CPT
0706T,Emerging technology procedure 706T,Category III - Emerging Technology,Investigational,CPT
0716T,Emerging technology procedure 716T,Category III - Emerging Technology,Investigational,CPT
0726T,Emerging technology procedure 726T,Category III - Emerging Technology,Investigational,CPT
0736T,Emerging technology procedure 736T,Category III - Emerging Technology,Investigational,CPT
0746T,Emerging technology procedure 746T,Category III - Emerging Technology,Investigational,CPT
0751F,Performance measure 751F,Category II - Performance Measures,Quality Measurement,CPT
0756T,Emerging technology procedure 756T,Category III - Emerging Technology,Investigational,CPT
0766T,Emerging technology procedure 766T,Category III - Emerging Technology,Investigational,CPT
0776T,Emerging technology procedure 776T,Category III - Emerging Technology,Investigational,CPT
0786T,Emerging technology procedure 786T,Category III - Emerging Technology,Investigational,CPT
0796T,Emerging technology procedure 796T,Category III - Emerging Technology,Investigational,CPT
0801F,Performance measure 801F,Category II - Performance Measures,Quality Measurement,CPT
0806T,Emerging technology procedure 806T,Category III - Emerging Technology,Investigational,CPT
0816T,Emerging technology procedure 816T,Category III - Emerging Technology,Investigational,CPT
0826T,Emerging technology procedure 826T,Category III - Emerging Technology,Investigational,CPT
0836T,Emerging technology procedure 836T,Category III - Emerging Technology,Investigational,CPT
0846T,Emerging technology procedure 846T,Category III - Emerging Technology,Investigational,CPT
0851F,Performance measure 851F,Category II - Performance Measures,Quality Measurement,CPT
0856T,Emerging technology procedure 856T,Category III - Emerging Technology,Investigational,CPT
0866T,Emerging technology procedure 866T,Category III - Emerging Technology,Investigational,CPT
0876T,Emerging technology procedure 876T,Category III - Emerging Technology,Investigational,CPT
0886T,Emerging technology procedure 886T,Category III - Emerging Technology,Investigational,CPT
0896T,Emerging technology procedure 896T,Category III - Emerging Technology,Investigational,CPT
0901F,Performance measure 901F,Category II - Performance Measures,Quality Measurement,CPT
0906T,Emerging technology procedure 906T,Category III - Emerging Technology,Investigational,CPT
0916T,Emerging technology procedure 916T,Category III - Emerging Technology,Investigational,CPT
0926T,Emerging technology procedure 926T,Category III - Emerging Technology,Investigational,CPT
0936T,Emerging technology procedure 936T,Category III - Emerging Technology,Investigational,CPT
0946T,Emerging technology procedure 946T,Category III - Emerging Technology,Investigational,CPT
0951F,Performance measure 951F,Category II - Performance Measures,Quality Measurement,CPT
0956T,Emerging technology procedure 956T,Category III - Emerging Technology,Investigational,CPT
0966T,Emerging technology procedure 966T,Category III - Emerging Technology,Investigational,CPT
0976T,Emerging technology procedure 976T,Category III - Emerging Technology,Investigational,CPT
0986T,Emerging technology procedure 986T,Category III - Emerging Technology,Investigational,CPT
0996T,Emerging technology procedure 996T,Category III - Emerging Technology,Investigational,CPT
10000,Integumentary system procedure 10000,Surgery,Integumentary System,CPT
1001F,Performance measure 1001F,Category II - Performance Measures,Quality Measurement,CPT
10025,Integumentary system procedure 10025,Surgery,Integumentary System,CPT
10050,Integumentary system procedure 10050,Surgery,Integumentary System,CPT
10075,Integumentary system procedure 10075,Surgery,Integumentary System,CPT
10100,Integumentary system procedure 10100,Surgery,Integumentary System,CPT
10125,Integumentary system procedure 10125,Surgery,Integumentary System,CPT
10150,Integumentary system procedure 10150,Surgery,Integumentary System,CPT
10175,Integumentary system procedure 10175,Surgery,Integumentary System,CPT
10200,Integumentary system procedure 10200,Surgery,Integumentary System,CPT
10225,Integumentary system procedure 10225,Surgery,Integumentary System,CPT
10250,Integumentary system procedure 10250,Surgery,Integumentary System,CPT
10275,Integumentary system procedure 10275,Surgery,Integumentary System,CPT
10300,Integumentary system procedure 10300,Surgery,Integumentary System,CPT
10325,Integumentary system procedure 10325,Surgery,Integumentary System,CPT
10350,Integumentary system procedure 10350,Surgery,Integumentary System,CPT
10375,Integumentary system procedure 10375,Surgery,Integumentary System,CPT
10400,Integumentary system procedure 10400,Surgery,Integumentary System,CPT
10425,Integumentary system procedure 10425,Surgery,Integumentary System,CPT
10450,Integumentary system procedure 10450,Surgery,Integumentary System,CPT
10475,Integumentary system procedure 10475,Surgery,Integumentary System,CPT
10500,Integumentary system procedure 10500,Surgery,Integumentary System,CPT
1051F,Performance measure 1051F,Category II - Performance Measures,Quality Measurement,CPT
10525,Integumentary system procedure 10525,Surgery,Integumentary System,CPT
10550,Integumentary system procedure 10550,Surgery,Integumentary System,CPT
10575,Integumentary system procedure 10575,Surgery,Integumentary System,CPT
10600,Integumentary system procedure 10600,Surgery,Integumentary System,CPT
10625,Integumentary system procedure 10625,Surgery,Integumentary System,CPT
10650,Integumentary system procedure 10650,Surgery,Integumentary System,CPT
10675,Integumentary system procedure 10675,Surgery,Integumentary System,CPT
10700,Integumentary system procedure 10700,Surgery,Integumentary System,CPT
10725,Integumentary system procedure 10725,Surgery,Integumentary System,CPT
10750,Integumentary system procedure 10750,Surgery,Integumentary System,CPT
10775,Integumentary system procedure 10775,Surgery,Integumentary System,CPT
10800,Integumentary system procedure 10800,Surgery,Integumentary System,CPT
10825,Integumentary system procedure 10825,Surgery,Integumentary System,CPT
10850,Integumentary system procedure 10850,Surgery,Integumentary System,CPT
10875,Integumentary system procedure 10875,Surgery,Integumentary System,CPT
10900,Integumentary system procedure 10900,Surgery,Integumentary System,CPT
10925,Integumentary system procedure 10925,Surgery,Integumentary System,CPT
10950,Integumentary system procedure 10950,Surgery,Integumentary System,CPT
10975,Integumentary system procedure 10975,Surgery,Integumentary System,CPT
11000,Integumentary system procedure 11000,Surgery,Integumentary System,CPT
1101F,Performance measure 1101F,Category II - Performance Measures,Quality Measurement,CPT
11025,Integumentary system procedure 11025,Surgery,Integumentary System,CPT
11050,Integumentary system procedure 11050,Surgery,Integumentary System,CPT
11075,Integumentary system procedure 11075,Surgery,Integumentary System,CPT
11100,Integumentary system procedure 11100,Surgery,Integumentary System,CPT
11125,Integumentary system procedure 11125,Surgery,Integumentary System,CPT
11150,Integumentary system procedure 11150,Surgery,Integumentary System,CPT
11175,Integumentary system procedure 11175,Surgery,Integumentary System,CPT
11200,Integumentary system procedure 11200,Surgery,Integumentary System,CPT
11225,Integumentary system procedure 11225,Surgery,Integumentary System,CPT
11250,Integumentary system procedure 11250,Surgery,Integumentary System,CPT
11275,Integumentary system procedure 11275,Surgery,Integumentary System,CPT
11300,Integumentary system procedure 11300,Surgery,Integumentary System,CPT
11325,Integumentary system procedure 11325,Surgery,Integumentary System,CPT
11350,Integumentary system procedure 11350,Surgery,Integumentary System,CPT
11375,Integumentary system procedure 11375,Surgery,Integumentary System,CPT
11400,Integumentary system procedure 11400,Surgery,Integumentary System,CPT
11425,Integumentary system procedure 11425,Surgery,Integumentary System,CPT
11450,Integumentary system procedure 11450,Surgery,Integumentary System,CPT
11475,Integumentary system procedure 11475,Surgery,Integumentary System,CPT
11500,Integumentary system procedure 11500,Surgery,Integumentary System,CPT
1151F,Performance measure 1151F,Category II - Performance Measures,Quality Measurement,CPT
11525,Integumentary system procedure 11525,Surgery,Integumentary System,CPT
11550,Integumentary system procedure 11550,Surgery,Integumentary System,CPT
11575,Integumentary system procedure 11575,Surgery,Integumentary System,CPT
11600,Integumentary system procedure 11600,Surgery,Integumentary System,CPT
11625,Integumentary system procedure 11625,Surgery,Integumentary System,CPT
11650,Integumentary system procedure 11650,Surgery,Integumentary System,CPT
11675,Integumentary system procedure 11675,Surgery,Integumentary System,CPT
11700,Integumentary system procedure 11700,Surgery,Integumentary System,CPT
11725,Integumentary system procedure 11725,Surgery,Integumentary System,CPT
11750,Integumentary system procedure 11750,Surgery,Integumentary System,CPT
11775,Integumentary system procedure 11775,Surgery,Integumentary System,CPT
11800,Integumentary system procedure 11800,Surgery,Integumentary System,CPT
11825,Integumentary system procedure 11825,Surgery,Integumentary System,CPT
11850,Integumentary system procedure 11850,Surgery,Integumentary System,CPT
11875,Integumentary system procedure 11875,Surgery,Integumentary System,CPT
11900,Integumentary system procedure 11900,Surgery,Integumentary System,CPT
11925,Integumentary system procedure 11925,Surgery,Integumentary System,CPT
11950,Integumentary system procedure 11950,Surgery,Integumentary System,CPT
11975,Integumentary system procedure 11975,Surgery,Integumentary System,CPT
12000,Integumentary system procedure 12000,Surgery,Integumentary System,CPT
1201F,Performance measure 1201F,Category II - Performance Measures,Quality Measurement,CPT
12025,Integumentary system procedure 12025,Surgery,Integumentary System,CPT
12050,Integumentary system procedure 12050,Surgery,Integumentary System,CPT
12075,Integumentary system procedure 12075,Surgery,Integumentary System,CPT
12100,Integumentary system procedure 12100,Surgery,Integumentary System,CPT
12125,Integumentary system procedure 12125,Surgery,Integumentary System,CPT
12150,Integumentary system procedure 12150,Surgery,Integumentary System,CPT
12175,Integumentary system procedure 12175,Surgery,Integumentary System,CPT
12200,Integumentary system procedure 12200,Surgery,Integumentary System,CPT
12225,Integumentary system procedure 12225,Surgery,Integumentary System,CPT
12250,Integumentary system procedure 12250,Surgery,Integumentary System,CPT
12275,Integumentary system procedure 12275,Surgery,Integumentary System,CPT
12300,Integumentary system procedure 12300,Surgery,Integumentary System,CPT
12325,Integumentary system procedure 12325,Surgery,Integumentary System,CPT
12350,Integumentary system procedure 12350,Surgery,Integumentary System,CPT
12375,Integumentary system procedure 12375,Surgery,Integumentary System,CPT
12400,Integumentary system procedure 12400,Surgery,Integumentary System,CPT
12425,Integumentary system procedure 12425,Surgery,Integumentary System,CPT
12450,Integumentary system procedure 12450,Surgery,Integumentary System,CPT
12475,Integumentary system procedure 12475,Surgery,Integumentary System,CPT
12500,Integumentary system procedure 12500,Surgery,Integumentary System,CPT
1251F,Performance measure 1251F,Category II - Performance Measures,Quality Measurement,CPT
12525,Integumentary system procedure 12525,Surgery,Integumentary System,CPT
12550,Integumentary system procedure 12550,Surgery,Integumentary System,CPT
12575,Integumentary system procedure 12575,Surgery,Integumentary System,CPT
12600,Integumentary system procedure 12600,Surgery,Integumentary System,CPT
12625,Integumentary system procedure 12625,Surgery,Integumentary System,CPT
12650,Integumentary system procedure 12650,Surgery,Integumentary System,CPT
12675,Integumentary system procedure 12675,Surgery,Integumentary System,CPT
12700,Integumentary system procedure 12700,Surgery,Integumentary System,CPT
12725,Integumentary system procedure 12725,Surgery,Integumentary System,CPT
12750,Integumentary system procedure 12750,Surgery,Integumentary System,CPT
12775,Integumentary system procedure 12775,Surgery,Integumentary System,CPT
12800,Integumentary system procedure 12800,Surgery,Integumentary System,CPT
12825,Integumentary system procedure 12825,Surgery,Integumentary System,CPT
12850,Integumentary system procedure 12850,Surgery,Integumentary System,CPT
12875,Integumentary system procedure 12875,Surgery,Integumentary System,CPT
12900,Integumentary system procedure 12900,Surgery,Integumentary System,CPT
12925,Integumentary system procedure 12925,Surgery,Integumentary System,CPT
12950,Integumentary system procedure 12950,Surgery,Integumentary System,CPT
12975,Integumentary system procedure 12975,Surgery,Integumentary System,CPT
13000,Integumentary system procedure 13000,Surgery,Integumentary System,CPT
1301F,Performance measure 1301F,Category II - Performance Measures,Quality Measurement,CPT
13025,Integumentary system procedure 13025,Surgery,Integumentary System,CPT
13050,Integumentary system procedure 13050,Surgery,Integumentary System,CPT
13075,Integumentary system procedure 13075,Surgery,Integumentary System,CPT
13100,Integumentary system procedure 13100,Surgery,Integumentary System,CPT
13125,Integumentary system procedure 13125,Surgery,Integumentary System,CPT
13150,Integumentary system procedure 13150,Surgery,Integumentary System,CPT
13175,Integumentary system procedure 13175,Surgery,Integumentary System,CPT
13200,Integumentary system procedure 13200,Surgery,Integumentary System,CPT
13225,Integumentary system procedure 13225,Surgery,Integumentary System,CPT
13250,Integumentary system procedure 13250,Surgery,Integumentary System,CPT
13275,Integumentary system procedure 13275,Surgery,Integumentary System,CPT
13300,Integumentary system procedure 13300,Surgery,Integumentary System,CPT
13325,Integumentary system procedure 13325,Surgery,Integumentary System,CPT
13350,Integumentary system procedure 13350,Surgery,Integumentary System,CPT
13375,Integumentary system procedure 13375,Surgery,Integumentary System,CPT
13400,Integumentary system procedure 13400,Surgery,Integumentary System,CPT
13425,Integumentary system procedure 13425,Surgery,Integumentary System,CPT
13450,Integumentary system procedure 13450,Surgery,Integumentary System,CPT
13475,Integumentary system procedure 13475,Surgery,Integumentary System,CPT
13500,Integumentary system procedure 13500,Surgery,Integumentary System,CPT
1351F,Performance measure 1351F,Category II - Performance Measures,Quality Measurement,CPT
13525,Integumentary system procedure 13525,Surgery,Integumentary System,CPT
13550,Integumentary system procedure 13550,Surgery,Integumentary System,CPT
13575,Integumentary system procedure 13575,Surgery,Integumentary System,CPT
13600,Integumentary system procedure 13600,Surgery,Integumentary System,CPT
13625,Integumentary system procedure 13625,Surgery,Integumentary System,CPT
13650,Integumentary system procedure 13650,Surgery,Integumentary System,CPT
13675,Integumentary system procedure 13675,Surgery,Integumentary System,CPT
13700,Integumentary system procedure 13700,Surgery,Integumentary System,CPT
13725,Integumentary system procedure 13725,Surgery,Integumentary System,CPT
13750,Integumentary system procedure 13750,Surgery,Integumentary System,CPT
13775,Integumentary system procedure 13775,Surgery,Integumentary System,CPT
13800,Integumentary system procedure 13800,Surgery,Integumentary System,CPT
13825,Integumentary system procedure 13825,Surgery,Integumentary System,CPT
13850,Integumentary system procedure 13850,Surgery,Integumentary System,CPT
13875,Integumentary system procedure 13875,Surgery,Integumentary System,CPT
13900,Integumentary system procedure 13900,Surgery,Integumentary System,CPT
13925,Integumentary system procedure 13925,Surgery,Integumentary System,CPT
13950,Integumentary system procedure 13950,Surgery,Integumentary System,CPT
13975,Integumentary system procedure 13975,Surgery,Integumentary System,CPT
14000,Integumentary system procedure 14000,Surgery,Integumentary System,CPT
1401F,Performance measure 1401F,Category II - Performance Measures,Quality Measurement,CPT
14025,Integumentary system procedure 14025,Surgery,Integumentary System,CPT
14050,Integumentary system procedure 14050,Surgery,Integumentary System,CPT
14075,Integumentary system procedure 14075,Surgery,Integumentary System,CPT
14100,Integumentary system procedure 14100,Surgery,Integumentary System,CPT
14125,Integumentary system procedure 14125,Surgery,Integumentary System,CPT
14150,Integumentary system procedure 14150,Surgery,Integumentary System,CPT
14175,Integumentary system procedure 14175,Surgery,Integumentary System,CPT
14200,Integumentary system procedure 14200,Surgery,Integumentary System,CPT
14225,Integumentary system procedure 14225,Surgery,Integumentary System,CPT
14250,Integumentary system procedure 14250,Surgery,Integumentary System,CPT
14275,Integumentary system procedure 14275,Surgery,Integumentary System,CPT
14300,Integumentary system procedure 14300,Surgery,Integumentary System,CPT
14325,Integumentary system procedure 14325,Surgery,Integumentary System,CPT
14350,Integumentary system procedure 14350,Surgery,Integumentary System,CPT
14375,Integumentary system procedure 14375,Surgery,Integumentary System,CPT
14400,Integumentary system procedure 14400,Surgery,Integumentary System,CPT
14425,Integumentary system procedure 14425,Surgery,Integumentary System,CPT
14450,Integumentary system procedure 14450,Surgery,Integumentary System,CPT
14475,Integumentary system procedure 14475,Surgery,Integumentary System,CPT
14500,Integumentary system procedure 14500,Surgery,Integumentary System,CPT
1451F,Performance measure 1451F,Category II - Performance Measures,Quality Measurement,CPT
14525,Integumentary system procedure 14525,Surgery,Integumentary System,CPT
14550,Integumentary system procedure 14550,Surgery,Integumentary System,CPT
14575,Integumentary system procedure 14575,Surgery,Integumentary System,CPT
14600,Integumentary system procedure 14600,Surgery,Integumentary System,CPT
14625,Integumentary system procedure 14625,Surgery,Integumentary System,CPT
14650,Integumentary system procedure 14650,Surgery,Integumentary System,CPT
14675,Integumentary system procedure 14675,Surgery,Integumentary System,CPT
14700,Integumentary system procedure 14700,Surgery,Integumentary System,CPT
14725,Integumentary system procedure 14725,Surgery,Integumentary System,CPT
14750,Integumentary system procedure 14750,Surgery,Integumentary System,CPT
14775,Integumentary system procedure 14775,Surgery,Integumentary System,CPT
14800,Integumentary system procedure 14800,Surgery,Integumentary System,CPT
14825,Integumentary system procedure 14825,Surgery,Integumentary System,CPT
14850,Integumentary system procedure 14850,Surgery,Integumentary System,CPT
14875,Integumentary system procedure 14875,Surgery,Integumentary System,CPT
14900,Integumentary system procedure 14900,Surgery,Integumentary System,CPT
14925,Integumentary system procedure 14925,Surgery,Integumentary System,CPT
14950,Integumentary system procedure 14950,Surgery,Integumentary System,CPT
14975,Integumentary system procedure 14975,Surgery,Integumentary System,CPT
15000,Integumentary system procedure 15000,Surgery,Integumentary System,CPT
1501F,Performance measure 1501F,Category II - Performance Measures,Quality Measurement,CPT
15025,Integumentary system procedure 15025,Surgery,Integumentary System,CPT
15050,Integumentary system procedure 15050,Surgery,Integumentary System,CPT
15075,Integumentary system procedure 15075,Surgery,Integumentary System,CPT
15100,Integumentary system procedure 15100,Surgery,Integumentary System,CPT
15125,Integumentary system procedure 15125,Surgery,Integumentary System,CPT
15150,Integumentary system procedure 15150,Surgery,Integumentary System,CPT
15175,Integumentary system procedure 15175,Surgery,Integumentary System,CPT
15200,Integumentary system procedure 15200,Surgery,Integumentary System,CPT
15225,Integumentary system procedure 15225,Surgery,Integumentary System,CPT
15250,Integumentary system procedure 15250,Surgery,Integumentary System,CPT
15275,Integumentary system procedure 15275,Surgery,Integumentary System,CPT
15300,Integumentary system procedure 15300,Surgery,Integumentary System,CPT
15325,Integumentary system procedure 15325,Surgery,Integumentary System,CPT
15350,Integumentary system procedure 15350,Surgery,Integumentary System,CPT
15375,Integumentary system procedure 15375,Surgery,Integumentary System,CPT
15400,Integumentary system procedure 15400,Surgery,Integumentary System,CPT
15425,Integumentary system procedure 15425,Surgery,Integumentary System,CPT
15450,Integumentary system procedure 15450,Surgery,Integumentary System,CPT
15475,Integumentary system procedure 15475,Surgery,Integumentary System,CPT
15500,Integumentary system procedure 15500,Surgery,Integumentary System,CPT
1551F,Performance measure 1551F,Category II - Performance Measures,Quality Measurement,CPT
15525,Integumentary system procedure 15525,Surgery,Integumentary System,CPT
15550,Integumentary system procedure 15550,Surgery,Integumentary System,CPT
15575,Integumentary system procedure 15575,Surgery,Integumentary System,CPT
15600,Integumentary system procedure 15600,Surgery,Integumentary System,CPT
15625,Integumentary system procedure 15625,Surgery,Integumentary System,CPT
15650,Integumentary system procedure 15650,Surgery,Integumentary System,CPT
15675,Integumentary system procedure 15675,Surgery,Integumentary System,CPT
15700,Integumentary system procedure 15700,Surgery,Integumentary System,CPT
15725,Integumentary system procedure 15725,Surgery,Integumentary System,CPT
15750,Integumentary system procedure 15750,Surgery,Integumentary System,CPT
15775,Integumentary system procedure 15775,Surgery,Integumentary System,CPT
15800,Integumentary system procedure 15800,Surgery,Integumentary System,CPT
15825,Integumentary system procedure 15825,Surgery,Integumentary System,CPT
15850,Integumentary system procedure 15850,Surgery,Integumentary System,CPT
15875,Integumentary system procedure 15875,Surgery,Integumentary System,CPT
15900,Integumentary system procedure 15900,Surgery,Integumentary System,CPT
15925,Integumentary system procedure 15925,Surgery,Integumentary System,CPT
15950,Integumentary system procedure 15950,Surgery,Integumentary System,CPT
15975,Integumentary system procedure 15975,Surgery,Integumentary System,CPT
16000,Integumentary system procedure 16000,Surgery,Integumentary System,CPT
1601F,Performance measure 1601F,Category II - Performance Measures,Quality Measurement,CPT
16025,Integumentary system procedure 16025,Surgery,Integumentary System,CPT
16050,Integumentary system procedure 16050,Surgery,Integumentary System,CPT
16075,Integumentary system procedure 16075,Surgery,Integumentary System,CPT
16100,Integumentary system procedure 16100,Surgery,Integumentary System,CPT
16125,Integumentary system procedure 16125,Surgery,Integumentary System,CPT
16150,Integumentary system procedure 16150,Surgery,Integumentary System,CPT
16175,Integumentary system procedure 16175,Surgery,Integumentary System,CPT
16200,Integumentary system procedure 16200,Surgery,Integumentary System,CPT
16225,Integumentary system procedure 16225,Surgery,Integumentary System,CPT
16250,Integumentary system procedure 16250,Surgery,Integumentary System,CPT
16275,Integumentary system procedure 16275,Surgery,Integumentary System,CPT
16300,Integumentary system procedure 16300,Surgery,Integumentary System,CPT
16325,Integumentary system procedure 16325,Surgery,Integumentary System,CPT
16350,Integumentary system procedure 16350,Surgery,Integumentary System,CPT
16375,Integumentary system procedure 16375,Surgery,Integumentary System,CPT
16400,Integumentary system procedure 16400,Surgery,Integumentary System,CPT
16425,Integumentary system procedure 16425,Surgery,Integumentary System,CPT
16450,Integumentary system procedure 16450,Surgery,Integumentary System,CPT
16475,Integumentary system procedure 16475,Surgery,Integumentary System,CPT
16500,Integumentary system procedure 16500,Surgery,Integumentary System,CPT
1651F,Performance measure 1651F,Category II - Performance Measures,Quality Measurement,CPT
16525,Integumentary system procedure 16525,Surgery,Integumentary System,CPT
16550,Integumentary system procedure 16550,Surgery,Integumentary System,CPT
16575,Integumentary system procedure 16575,Surgery,Integumentary System,CPT
16600,Integumentary system procedure 16600,Surgery,Integumentary System,CPT
16625,Integumentary system procedure 16625,Surgery,Integumentary System,CPT
16650,Integumentary system procedure 16650,Surgery,Integumentary System,CPT
16675,Integumentary system procedure 16675,Surgery,Integumentary System,CPT
16700,Integumentary system procedure 16700,Surgery,Integumentary System,CPT
16725,Integumentary system procedure 16725,Surgery,Integumentary System,CPT
16750,Integumentary system procedure 16750,Surgery,Integumentary System,CPT
16775,Integumentary system procedure 16775,Surgery,Integumentary System,CPT
16800,Integumentary system procedure 16800,Surgery,Integumentary System,CPT
16825,Integumentary system procedure 16825,Surgery,Integumentary System,CPT
16850,Integumentary system procedure 16850,Surgery,Integumentary System,CPT
16875,Integumentary system procedure 16875,Surgery,Integumentary System,CPT
16900,Integumentary system procedure 16900,Surgery,Integumentary System,CPT
16925,Integumentary system procedure 16925,Surgery,Integumentary System,CPT
16950,Integumentary system procedure 16950,Surgery,Integumentary System,CPT
16975,Integumentary system procedure 16975,Surgery,Integumentary System,CPT
17000,Integumentary system procedure 17000,Surgery,Integumentary System,CPT
1701F,Performance measure 1701F,Category II - Performance Measures,Quality Measurement,CPT
17025,Integumentary system procedure 17025,Surgery,Integumentary System,CPT
17050,Integumentary system procedure 17050,Surgery,Integumentary System,CPT
17075,Integumentary system procedure 17075,Surgery,Integumentary System,CPT
17100,Integumentary system procedure 17100,Surgery,Integumentary System,CPT
17125,Integumentary system procedure 17125,Surgery,Integumentary System,CPT
17150,Integumentary system procedure 17150,Surgery,Integumentary System,CPT
17175,Integumentary system procedure 17175,Surgery,Integumentary System,CPT
17200,Integumentary system procedure 17200,Surgery,Integumentary System,CPT
17225,Integumentary system procedure 17225,Surgery,Integumentary System,CPT
17250,Integumentary system procedure 17250,Surgery,Integumentary System,CPT
17275,Integumentary system procedure 17275,Surgery,Integumentary System,CPT
17300,Integumentary system procedure 17300,Surgery,Integumentary System,CPT
17325,Integumentary system procedure 17325,Surgery,Integumentary System,CPT
17350,Integumentary system procedure 17350,Surgery,Integumentary System,CPT
17375,Integumentary system procedure 17375,Surgery,Integumentary System,CPT
17400,Integumentary system procedure 17400,Surgery,Integumentary System,CPT
17425,Integumentary system procedure 17425,Surgery,Integumentary System,CPT
17450,Integumentary system procedure 17450,Surgery,Integumentary System,CPT
17475,Integumentary system procedure 17475,Surgery,Integumentary System,CPT
17500,Integumentary system procedure 17500,Surgery,Integumentary System,CPT
1751F,Performance measure 1751F,Category II - Performance Measures,Quality Measurement,CPT
17525,Integumentary system procedure 17525,Surgery,Integumentary System,CPT
17550,Integumentary system procedure 17550,Surgery,Integumentary System,CPT
17575,Integumentary system procedure 17575,Surgery,Integumentary System,CPT
17600,Integumentary system procedure 17600,Surgery,Integumentary System,CPT
17625,Integumentary system procedure 17625,Surgery,Integumentary System,CPT
17650,Integumentary system procedure 17650,Surgery,Integumentary System,CPT
17675,Integumentary system procedure 17675,Surgery,Integumentary System,CPT
17700,Integumentary system procedure 17700,Surgery,Integumentary System,CPT
17725,Integumentary system procedure 17725,Surgery,Integumentary System,CPT
17750,Integumentary system procedure 17750,Surgery,Integumentary System,CPT
17775,Integumentary system procedure 17775,Surgery,Integumentary System,CPT
17800,Integumentary system procedure 17800,Surgery,Integumentary System,CPT
17825,Integumentary system procedure 17825,Surgery,Integumentary System,CPT
17850,Integumentary system procedure 17850,Surgery,Integumentary System,CPT
17875,Integumentary system procedure 17875,Surgery,Integumentary System,CPT
17900,Integumentary system procedure 17900,Surgery,Integumentary System,CPT
17925,Integumentary system procedure 17925,Surgery,Integumentary System,CPT
17950,Integumentary system procedure 17950,Surgery,Integumentary System,CPT
17975,Integumentary system procedure 17975,Surgery,Integumentary System,CPT
18000,Integumentary system procedure 18000,Surgery,Integumentary System,CPT
1801F,Performance measure 1801F,Category II - Performance Measures,Quality Measurement,CPT
18025,Integumentary system procedure 18025,Surgery,Integumentary System,CPT
18050,Integumentary system procedure 18050,Surgery,Integumentary System,CPT
18075,Integumentary system procedure 18075,Surgery,Integumentary System,CPT
18100,Integumentary system procedure 18100,Surgery,Integumentary System,CPT
18125,Integumentary system procedure 18125,Surgery,Integumentary System,CPT
18150,Integumentary system procedure 18150,Surgery,Integumentary System,CPT
18175,Integumentary system procedure 18175,Surgery,Integumentary System,CPT
18200,Integumentary system procedure 18200,Surgery,Integumentary System,CPT
18225,Integumentary system procedure 18225,Surgery,Integumentary System,CPT
18250,Integumentary system procedure 18250,Surgery,Integumentary System,CPT
18275,Integumentary system procedure 18275,Surgery,Integumentary System,CPT
18300,Integumentary system procedure 18300,Surgery,Integumentary System,CPT
18325,Integumentary system procedure 18325,Surgery,Integumentary System,CPT
18350,Integumentary system procedure 18350,Surgery,Integumentary System,CPT
18375,Integumentary system procedure 18375,Surgery,Integumentary System,CPT
18400,Integumentary system procedure 18400,Surgery,Integumentary System,CPT
18425,Integumentary system procedure 18425,Surgery,Integumentary System,CPT
18450,Integumentary system procedure 18450,Surgery,Integumentary System,CPT
18475,Integumentary system procedure 18475,Surgery,Integumentary System,CPT
18500,Integumentary system procedure 18500,Surgery,Integumentary System,CPT
1851F,Performance measure 1851F,Category II - Performance Measures,Quality Measurement,CPT
18525,Integumentary system procedure 18525,Surgery,Integumentary System,CPT
18550,Integumentary system procedure 18550,Surgery,Integumentary System,CPT
18575,Integumentary system procedure 18575,Surgery,Integumentary System,CPT
18600,Integumentary system procedure 18600,Surgery,Integumentary System,CPT
18625,Integumentary system procedure 18625,Surgery,Integumentary System,CPT
18650,Integumentary system procedure 18650,Surgery,Integumentary System,CPT
18675,Integumentary system procedure 18675,Surgery,Integumentary System,CPT
18700,Integumentary system procedure 18700,Surgery,Integumentary System,CPT
18725,Integumentary system procedure 18725,Surgery,Integumentary System,CPT
18750,Integumentary system procedure 18750,Surgery,Integumentary System,CPT
18775,Integumentary system procedure 18775,Surgery,Integumentary System,CPT
18800,Integumentary system procedure 18800,Surgery,Integumentary System,CPT
18825,Integumentary system procedure 18825,Surgery,Integumentary System,CPT
18850,Integumentary system procedure 18850,Surgery,Integumentary System,CPT
18875,Integumentary system procedure 18875,Surgery,Integumentary System,CPT
18900,Integumentary system procedure 18900,Surgery,Integumentary System,CPT
18925,Integumentary system procedure 18925,Surgery,Integumentary System,CPT
18950,Integumentary system procedure 18950,Surgery,Integumentary System,CPT
18975,Integumentary system procedure 18975,Surgery,Integumentary System,CPT
19000,Integumentary system procedure 19000,Surgery,Integumentary System,CPT
1901F,Performance measure 1901F,Category II - Performance Measures,Quality Measurement,CPT
19025,Integumentary system procedure 19025,Surgery,Integumentary System,CPT
19050,Integumentary system procedure 19050,Surgery,Integumentary System,CPT
19075,Integumentary system procedure 19075,Surgery,Integumentary System,CPT
19100,Integumentary system procedure 19100,Surgery,Integumentary System,CPT
19125,Integumentary system procedure 19125,Surgery,Integumentary System,CPT
19150,Integumentary system procedure 19150,Surgery,Integumentary System,CPT
19175,Integumentary system procedure 19175,Surgery,Integumentary System,CPT
19200,Integumentary system procedure 19200,Surgery,Integumentary System,CPT
19225,Integumentary system procedure 19225,Surgery,Integumentary System,CPT
19250,Integumentary system procedure 19250,Surgery,Integumentary System,CPT
19275,Integumentary system procedure 19275,Surgery,Integumentary System,CPT
19300,Integumentary system procedure 19300,Surgery,Integumentary System,CPT
19325,Integumentary system procedure 19325,Surgery,Integumentary System,CPT
19350,Integumentary system procedure 19350,Surgery,Integumentary System,CPT
19375,Integumentary system procedure 19375,Surgery,Integumentary System,CPT
19400,Integumentary system procedure 19400,Surgery,Integumentary System,CPT
19425,Integumentary system procedure 19425,Surgery,Integumentary System,CPT
19450,Integumentary system procedure 19450,Surgery,Integumentary System,CPT
19475,Integumentary system procedure 19475,Surgery,Integumentary System,CPT
19500,Integumentary system procedure 19500,Surgery,Integumentary System,CPT
1951F,Performance measure 1951F,Category II - Performance Measures,Quality Measurement,CPT
19525,Integumentary system procedure 19525,Surgery,Integumentary System,CPT
19550,Integumentary system procedure 19550,Surgery,Integumentary System,CPT
19575,Integumentary system procedure 19575,Surgery,Integumentary System,CPT
19600,Integumentary system procedure 19600,Surgery,Integumentary System,CPT
19625,Integumentary system procedure 19625,Surgery,Integumentary System,CPT
19650,Integumentary system procedure 19650,Surgery,Integumentary System,CPT
19675,Integumentary system procedure 19675,Surgery,Integumentary System,CPT
19700,Integumentary system procedure 19700,Surgery,Integumentary System,CPT
19725,Integumentary system procedure 19725,Surgery,Integumentary System,CPT
19750,Integumentary system procedure 19750,Surgery,Integumentary System,CPT
19775,Integumentary system procedure 19775,Surgery,Integumentary System,CPT
19800,Integumentary system procedure 19800,Surgery,Integumentary System,CPT
19825,Integumentary system procedure 19825,Surgery,Integumentary System,CPT
19850,Integumentary system procedure 19850,Surgery,Integumentary System,CPT
19875,Integumentary system procedure 19875,Surgery,Integumentary System,CPT
19900,Integumentary system procedure 19900,Surgery,Integumentary System,CPT
19925,Integumentary system procedure 19925,Surgery,Integumentary System,CPT
19950,Integumentary system procedure 19950,Surgery,Integumentary System,CPT
19975,Integumentary system procedure 19975,Surgery,Integumentary System,CPT
20000,Musculoskeletal system procedure 20000,Surgery,Musculoskeletal System,CPT
2001F,Performance measure 2001F,Category II - Performance Measures,Quality Measurement,CPT
20025,Musculoskeletal system procedure 20025,Surgery,Musculoskeletal System,CPT
20050,Musculoskeletal system procedure 20050,Surgery,Musculoskeletal System,CPT
20075,Musculoskeletal system procedure 20075,Surgery,Musculoskeletal System,CPT
20100,Musculoskeletal system procedure 20100,Surgery,Musculoskeletal System,CPT
20125,Musculoskeletal system procedure 20125,Surgery,Musculoskeletal System,CPT
20150,Musculoskeletal system procedure 20150,Surgery,Musculoskeletal System,CPT
20175,Musculoskeletal system procedure 20175,Surgery,Musculoskeletal System,CPT
20200,Musculoskeletal system procedure 20200,Surgery,Musculoskeletal System,CPT
20225,Musculoskeletal system procedure 20225,Surgery,Musculoskeletal System,CPT
20250,Musculoskeletal system procedure 20250,Surgery,Musculoskeletal System,CPT
20275,Musculoskeletal system procedure 20275,Surgery,Musculoskeletal System,CPT
20300,Musculoskeletal system procedure 20300,Surgery,Musculoskeletal System,CPT
20325,Musculoskeletal system procedure 20325,Surgery,Musculoskeletal System,CPT
20350,Musculoskeletal system procedure 20350,Surgery,Musculoskeletal System,CPT
20375,Musculoskeletal system procedure 20375,Surgery,Musculoskeletal System,CPT
20400,Musculoskeletal system procedure 20400,Surgery,Musculoskeletal System,CPT
20425,Musculoskeletal system procedure 20425,Surgery,Musculoskeletal System,CPT
20450,Musculoskeletal system procedure 20450,Surgery,Musculoskeletal System,CPT
20475,Musculoskeletal system procedure 20475,Surgery,Musculoskeletal System,CPT
20500,Musculoskeletal system procedure 20500,Surgery,Musculoskeletal System,CPT
2051F,Performance measure 2051F,Category II - Performance Measures,Quality Measurement,CPT
20525,Musculoskeletal system procedure 20525,Surgery,Musculoskeletal System,CPT
20550,Musculoskeletal system procedure 20550,Surgery,Musculoskeletal System,CPT
20575,Musculoskeletal system procedure 20575,Surgery,Musculoskeletal System,CPT
20600,Musculoskeletal system procedure 20600,Surgery,Musculoskeletal System,CPT
20625,Musculoskeletal system procedure 20625,Surgery,Musculoskeletal System,CPT
20650,Musculoskeletal system procedure 20650,Surgery,Musculoskeletal System,CPT
20675,Musculoskeletal system procedure 20675,Surgery,Musculoskeletal System,CPT
20700,Musculoskeletal system procedure 20700,Surgery,Musculoskeletal System,CPT
20725,Musculoskeletal system procedure 20725,Surgery,Musculoskeletal System,CPT
20750,Musculoskeletal system procedure 20750,Surgery,Musculoskeletal System,CPT
20775,Musculoskeletal system procedure 20775,Surgery,Musculoskeletal System,CPT
20800,Musculoskeletal system procedure 20800,Surgery,Musculoskeletal System,CPT
20825,Musculoskeletal system procedure 20825,Surgery,Musculoskeletal System,CPT
20850,Musculoskeletal system procedure 20850,Surgery,Musculoskeletal System,CPT
20875,Musculoskeletal system procedure 20875,Surgery,Musculoskeletal System,CPT
20900,Musculoskeletal system procedure 20900,Surgery,Musculoskeletal System,CPT
20925,Musculoskeletal system procedure 20925,Surgery,Musculoskeletal System,CPT
20950,Musculoskeletal system procedure 20950,Surgery,Musculoskeletal System,CPT
20975,Musculoskeletal system procedure 20975,Surgery,Musculoskeletal System,CPT
21000,Musculoskeletal system procedure 21000,Surgery,Musculoskeletal System,CPT
2101F,Performance measure 2101F,Category II - Performance Measures,Quality Measurement,CPT
21025,Musculoskeletal system procedure 21025,Surgery,Musculoskeletal System,CPT
21050,Musculoskeletal system procedure 21050,Surgery,Musculoskeletal System,CPT
21075,Musculoskeletal system procedure 21075,Surgery,Musculoskeletal System,CPT
21100,Musculoskeletal system procedure 21100,Surgery,Musculoskeletal System,CPT
21125,Musculoskeletal system procedure 21125,Surgery,Musculoskeletal System,CPT
21150,Musculoskeletal system procedure 21150,Surgery,Musculoskeletal System,CPT
21175,Musculoskeletal system procedure 21175,Surgery,Musculoskeletal System,CPT
21200,Musculoskeletal system procedure 21200,Surgery,Musculoskeletal System,CPT
21225,Musculoskeletal system procedure 21225,Surgery,Musculoskeletal System,CPT
21250,Musculoskeletal system procedure 21250,Surgery,Musculoskeletal System,CPT
21275,Musculoskeletal system procedure 21275,Surgery,Musculoskeletal System,CPT
21300,Musculoskeletal system procedure 21300,Surgery,Musculoskeletal System,CPT
21325,Musculoskeletal system procedure 21325,Surgery,Musculoskeletal System,CPT
21350,Musculoskeletal system procedure 21350,Surgery,Musculoskeletal System,CPT
21375,Musculoskeletal system procedure 21375,Surgery,Musculoskeletal System,CPT
21400,Musculoskeletal system procedure 21400,Surgery,Musculoskeletal System,CPT
21425,Musculoskeletal system procedure 21425,Surgery,Musculoskeletal System,CPT
21450,Musculoskeletal system procedure 21450,Surgery,Musculoskeletal System,CPT
21475,Musculoskeletal system procedure 21475,Surgery,Musculoskeletal System,CPT
21500,Musculoskeletal system procedure 21500,Surgery,Musculoskeletal System,CPT
2151F,Performance measure 2151F,Category II - Performance Measures,Quality Measurement,CPT
21525,Musculoskeletal system procedure 21525,Surgery,Musculoskeletal System,CPT
21550,Musculoskeletal system procedure 21550,Surgery,Musculoskeletal System,CPT
21575,Musculoskeletal system procedure 21575,Surgery,Musculoskeletal System,CPT
21600,Musculoskeletal system procedure 21600,Surgery,Musculoskeletal System,CPT
21625,Musculoskeletal system procedure 21625,Surgery,Musculoskeletal System,CPT
21650,Musculoskeletal system procedure 21650,Surgery,Musculoskeletal System,CPT
21675,Musculoskeletal system procedure 21675,Surgery,Musculoskeletal System,CPT
21700,Musculoskeletal system procedure 21700,Surgery,Musculoskeletal System,CPT
21725,Musculoskeletal system procedure 21725,Surgery,Musculoskeletal System,CPT
21750,Musculoskeletal system procedure 21750,Surgery,Musculoskeletal System,CPT
21775,Musculoskeletal system procedure 21775,Surgery,Musculoskeletal System,CPT
21800,Musculoskeletal system procedure 21800,Surgery,Musculoskeletal System,CPT
21825,Musculoskeletal system procedure 21825,Surgery,Musculoskeletal System,CPT
21850,Musculoskeletal system procedure 21850,Surgery,Musculoskeletal System,CPT
21875,Musculoskeletal system procedure 21875,Surgery,Musculoskeletal System,CPT
21900,Musculoskeletal system procedure 21900,Surgery,Musculoskeletal System,CPT
21925,Musculoskeletal system procedure 21925,Surgery,Musculoskeletal System,CPT
21950,Musculoskeletal system procedure 21950,Surgery,Musculoskeletal System,CPT
21975,Musculoskeletal system procedure 21975,Surgery,Musculoskeletal System,CPT
22000,Musculoskeletal system procedure 22000,Surgery,Musculoskeletal System,CPT
2201F,Performance measure 2201F,Category II - Performance Measures,Quality Measurement,CPT
22025,Musculoskeletal system procedure 22025,Surgery,Musculoskeletal System,CPT
22050,Musculoskeletal system procedure 22050,Surgery,Musculoskeletal System,CPT
22075,Musculoskeletal system procedure 22075,Surgery,Musculoskeletal System,CPT
22100,Musculoskeletal system procedure 22100,Surgery,Musculoskeletal System,CPT
22125,Musculoskeletal system procedure 22125,Surgery,Musculoskeletal System,CPT
22150,Musculoskeletal system procedure 22150,Surgery,Musculoskeletal System,CPT
22175,Musculoskeletal system procedure 22175,Surgery,Musculoskeletal System,CPT
22200,Musculoskeletal system procedure 22200,Surgery,Musculoskeletal System,CPT
22225,Musculoskeletal system procedure 22225,Surgery,Musculoskeletal System,CPT
22250,Musculoskeletal system procedure 22250,Surgery,Musculoskeletal System,CPT
22275,Musculoskeletal system procedure 22275,Surgery,Musculoskeletal System,CPT
22300,Musculoskeletal system procedure 22300,Surgery,Musculoskeletal System,CPT
22325,Musculoskeletal system procedure 22325,Surgery,Musculoskeletal System,CPT
22350,Musculoskeletal system procedure 22350,Surgery,Musculoskeletal System,CPT
22375,Musculoskeletal system procedure 22375,Surgery,Musculoskeletal System,CPT
22400,Musculoskeletal system procedure 22400,Surgery,Musculoskeletal System,CPT
22425,Musculoskeletal system procedure 22425,Surgery,Musculoskeletal System,CPT
22450,Musculoskeletal system procedure 22450,Surgery,Musculoskeletal System,CPT
22475,Musculoskeletal system procedure 22475,Surgery,Musculoskeletal System,CPT
22500,Musculoskeletal system procedure 22500,Surgery,Musculoskeletal System,CPT
2251F,Performance measure 2251F,Category II - Performance Measures,Quality Measurement,CPT
22525,Musculoskeletal system procedure 22525,Surgery,Musculoskeletal System,CPT
22550,Musculoskeletal system procedure 22550,Surgery,Musculoskeletal System,CPT
22575,Musculoskeletal system procedure 22575,Surgery,Musculoskeletal System,CPT
22600,Musculoskeletal system procedure 22600,Surgery,Musculoskeletal System,CPT
22625,Musculoskeletal system procedure 22625,Surgery,Musculoskeletal System,CPT
22650,Musculoskeletal system procedure 22650,Surgery,Musculoskeletal System,CPT
22675,Musculoskeletal system procedure 22675,Surgery,Musculoskeletal System,CPT
22700,Musculoskeletal system procedure 22700,Surgery,Musculoskeletal System,CPT
22725,Musculoskeletal system procedure 22725,Surgery,Musculoskeletal System,CPT
22750,Musculoskeletal system procedure 22750,Surgery,Musculoskeletal System,CPT
22775,Musculoskeletal system procedure 22775,Surgery,Musculoskeletal System,CPT
22800,Musculoskeletal system procedure 22800,Surgery,Musculoskeletal System,CPT
22825,Musculoskeletal system procedure 22825,Surgery,Musculoskeletal System,CPT
22850,Musculoskeletal system procedure 22850,Surgery,Musculoskeletal System,CPT
22875,Musculoskeletal system procedure 22875,Surgery,Musculoskeletal System,CPT
22900,Musculoskeletal system procedure 22900,Surgery,Musculoskeletal System,CPT
22925,Musculoskeletal system procedure 22925,Surgery,Musculoskeletal System,CPT
22950,Musculoskeletal system procedure 22950,Surgery,Musculoskeletal System,CPT
22975,Musculoskeletal system procedure 22975,Surgery,Musculoskeletal System,CPT
23000,Musculoskeletal system procedure 23000,Surgery,Musculoskeletal System,CPT
2301F,Performance measure 2301F,Category II - Performance Measures,Quality Measurement,CPT
23025,Musculoskeletal system procedure 23025,Surgery,Musculoskeletal System,CPT
23050,Musculoskeletal system procedure 23050,Surgery,Musculoskeletal System,CPT
23075,Musculoskeletal system procedure 23075,Surgery,Musculoskeletal System,CPT
23100,Musculoskeletal system procedure 23100,Surgery,Musculoskeletal System,CPT
23125,Musculoskeletal system procedure 23125,Surgery,Musculoskeletal System,CPT
23150,Musculoskeletal system procedure 23150,Surgery,Musculoskeletal System,CPT
23175,Musculoskeletal system procedure 23175,Surgery,Musculoskeletal System,CPT
23200,Musculoskeletal system procedure 23200,Surgery,Musculoskeletal System,CPT
23225,Musculoskeletal system procedure 23225,Surgery,Musculoskeletal System,CPT
23250,Musculoskeletal system procedure 23250,Surgery,Musculoskeletal System,CPT
23275,Musculoskeletal system procedure 23275,Surgery,Musculoskeletal System,CPT
23300,Musculoskeletal system procedure 23300,Surgery,Musculoskeletal System,CPT
23325,Musculoskeletal system procedure 23325,Surgery,Musculoskeletal System,CPT
23350,Musculoskeletal system procedure 23350,Surgery,Musculoskeletal System,CPT
23375,Musculoskeletal system procedure 23375,Surgery,Musculoskeletal System,CPT
23400,Musculoskeletal system procedure 23400,Surgery,Musculoskeletal System,CPT
23425,Musculoskeletal system procedure 23425,Surgery,Musculoskeletal System,CPT
23450,Musculoskeletal system procedure 23450,Surgery,Musculoskeletal System,CPT
23475,Musculoskeletal system procedure 23475,Surgery,Musculoskeletal System,CPT
23500,Musculoskeletal system procedure 23500,Surgery,Musculoskeletal System,CPT
2351F,Performance measure 2351F,Category II - Performance Measures,Quality Measurement,CPT
23525,Musculoskeletal system procedure 23525,Surgery,Musculoskeletal System,CPT
23550,Musculoskeletal system procedure 23550,Surgery,Musculoskeletal System,CPT
23575,Musculoskeletal system procedure 23575,Surgery,Musculoskeletal System,CPT
23600,Musculoskeletal system procedure 23600,Surgery,Musculoskeletal System,CPT
23625,Musculoskeletal system procedure 23625,Surgery,Musculoskeletal System,CPT
23650,Musculoskeletal system procedure 23650,Surgery,Musculoskeletal System,CPT
23675,Musculoskeletal system procedure 23675,Surgery,Musculoskeletal System,CPT
23700,Musculoskeletal system procedure 23700,Surgery,Musculoskeletal System,CPT
23725,Musculoskeletal system procedure 23725,Surgery,Musculoskeletal System,CPT
23750,Musculoskeletal system procedure 23750,Surgery,Musculoskeletal System,CPT
23775,Musculoskeletal system procedure 23775,Surgery,Musculoskeletal System,CPT
23800,Musculoskeletal system procedure 23800,Surgery,Musculoskeletal System,CPT
23825,Musculoskeletal system procedure 23825,Surgery,Musculoskeletal System,CPT
23850,Musculoskeletal system procedure 23850,Surgery,Musculoskeletal System,CPT
23875,Musculoskeletal system procedure 23875,Surgery,Musculoskeletal System,CPT
23900,Musculoskeletal system procedure 23900,Surgery,Musculoskeletal System,CPT
23925,Musculoskeletal system procedure 23925,Surgery,Musculoskeletal System,CPT
23950,Musculoskeletal system procedure 23950,Surgery,Musculoskeletal System,CPT
23975,Musculoskeletal system procedure 23975,Surgery,Musculoskeletal System,CPT
24000,Musculoskeletal system procedure 24000,Surgery,Musculoskeletal System,CPT
2401F,Performance measure 2401F,Category II - Performance Measures,Quality Measurement,CPT
24025,Musculoskeletal system procedure 24025,Surgery,Musculoskeletal System,CPT
24050,Musculoskeletal system procedure 24050,Surgery,Musculoskeletal System,CPT
24075,Musculoskeletal system procedure 24075,Surgery,Musculoskeletal System,CPT
24100,Musculoskeletal system procedure 24100,Surgery,Musculoskeletal System,CPT
24125,Musculoskeletal system procedure 24125,Surgery,Musculoskeletal System,CPT
24150,Musculoskeletal system procedure 24150,Surgery,Musculoskeletal System,CPT
24175,Musculoskeletal system procedure 24175,Surgery,Musculoskeletal System,CPT
24200,Musculoskeletal system procedure 24200,Surgery,Musculoskeletal System,CPT
24225,Musculoskeletal system procedure 24225,Surgery,Musculoskeletal System,CPT
24250,Musculoskeletal system procedure 24250,Surgery,Musculoskeletal System,CPT
24275,Musculoskeletal system procedure 24275,Surgery,Musculoskeletal System,CPT
24300,Musculoskeletal system procedure 24300,Surgery,Musculoskeletal System,CPT
24325,Musculoskeletal system procedure 24325,Surgery,Musculoskeletal System,CPT
24350,Musculoskeletal system procedure 24350,Surgery,Musculoskeletal System,CPT
24375,Musculoskeletal system procedure 24375,Surgery,Musculoskeletal System,CPT
24400,Musculoskeletal system procedure 24400,Surgery,Musculoskeletal System,CPT
24425,Musculoskeletal system procedure 24425,Surgery,Musculoskeletal System,CPT
24450,Musculoskeletal system procedure 24450,Surgery,Musculoskeletal System,CPT
24475,Musculoskeletal system procedure 24475,Surgery,Musculoskeletal System,CPT
24500,Musculoskeletal system procedure 24500,Surgery,Musculoskeletal System,CPT
2451F,Performance measure 2451F,Category II - Performance Measures,Quality Measurement,CPT
24525,Musculoskeletal system procedure 24525,Surgery,Musculoskeletal System,CPT
24550,Musculoskeletal system procedure 24550,Surgery,Musculoskeletal System,CPT
24575,Musculoskeletal system procedure 24575,Surgery,Musculoskeletal System,CPT
24600,Musculoskeletal system procedure 24600,Surgery,Musculoskeletal System,CPT
24625,Musculoskeletal system procedure 24625,Surgery,Musculoskeletal System,CPT
24650,Musculoskeletal system procedure 24650,Surgery,Musculoskeletal System,CPT
24675,Musculoskeletal system procedure 24675,Surgery,Musculoskeletal System,CPT
24700,Musculoskeletal system procedure 24700,Surgery,Musculoskeletal System,CPT
24725,Musculoskeletal system procedure 24725,Surgery,Musculoskeletal System,CPT
24750,Musculoskeletal system procedure 24750,Surgery,Musculoskeletal System,CPT
24775,Musculoskeletal system procedure 24775,Surgery,Musculoskeletal System,CPT
24800,Musculoskeletal system procedure 24800,Surgery,Musculoskeletal System,CPT
24825,Musculoskeletal system procedure 24825,Surgery,Musculoskeletal System,CPT
24850,Musculoskeletal system procedure 24850,Surgery,Musculoskeletal System,CPT
24875,Musculoskeletal system procedure 24875,Surgery,Musculoskeletal System,CPT
24900,Musculoskeletal system procedure 24900,Surgery,Musculoskeletal System,CPT
24925,Musculoskeletal system procedure 24925,Surgery,Musculoskeletal System,CPT
24950,Musculoskeletal system procedure 24950,Surgery,Musculoskeletal System,CPT
24975,Musculoskeletal system procedure 24975,Surgery,Musculoskeletal System,CPT
25000,Musculoskeletal system procedure 25000,Surgery,Musculoskeletal System,CPT
2501F,Performance measure 2501F,Category II - Performance Measures,Quality Measurement,CPT
25025,Musculoskeletal system procedure 25025,Surgery,Musculoskeletal System,CPT
25050,Musculoskeletal system procedure 25050,Surgery,Musculoskeletal System,CPT
25075,Musculoskeletal system procedure 25075,Surgery,Musculoskeletal System,CPT
25100,Musculoskeletal system procedure 25100,Surgery,Musculoskeletal System,CPT
25125,Musculoskeletal system procedure 25125,Surgery,Musculoskeletal System,CPT
25150,Musculoskeletal system procedure 25150,Surgery,Musculoskeletal System,CPT
25175,Musculoskeletal system procedure 25175,Surgery,Musculoskeletal System,CPT
25200,Musculoskeletal system procedure 25200,Surgery,Musculoskeletal System,CPT
25225,Musculoskeletal system procedure 25225,Surgery,Musculoskeletal System,CPT
25250,Musculoskeletal system procedure 25250,Surgery,Musculoskeletal System,CPT
25275,Musculoskeletal system procedure 25275,Surgery,Musculoskeletal System,CPT
25300,Musculoskeletal system procedure 25300,Surgery,Musculoskeletal System,CPT
25325,Musculoskeletal system procedure 25325,Surgery,Musculoskeletal System,CPT
25350,Musculoskeletal system procedure 25350,Surgery,Musculoskeletal System,CPT
25375,Musculoskeletal system procedure 25375,Surgery,Musculoskeletal System,CPT
25400,Musculoskeletal system procedure 25400,Surgery,Musculoskeletal System,CPT
25425,Musculoskeletal system procedure 25425,Surgery,Musculoskeletal System,CPT
25450,Musculoskeletal system procedure 25450,Surgery,Musculoskeletal System,CPT
25475,Musculoskeletal system procedure 25475,Surgery,Musculoskeletal System,CPT
25500,Musculoskeletal system procedure 25500,Surgery,Musculoskeletal System,CPT
2551F,Performance measure 2551F,Category II - Performance Measures,Quality Measurement,CPT
25525,Musculoskeletal system procedure 25525,Surgery,Musculoskeletal System,CPT
25550,Musculoskeletal system procedure 25550,Surgery,Musculoskeletal System,CPT
25575,Musculoskeletal system procedure 25575,Surgery,Musculoskeletal System,CPT
25600,Musculoskeletal system procedure 25600,Surgery,Musculoskeletal System,CPT
25625,Musculoskeletal system procedure 25625,Surgery,Musculoskeletal System,CPT
25650,Musculoskeletal system procedure 25650,Surgery,Musculoskeletal System,CPT
25675,Musculoskeletal system procedure 25675,Surgery,Musculoskeletal System,CPT
25700,Musculoskeletal system procedure 25700,Surgery,Musculoskeletal System,CPT
25725,Musculoskeletal system procedure 25725,Surgery,Musculoskeletal System,CPT
25750,Musculoskeletal system procedure 25750,Surgery,Musculoskeletal System,CPT
25775,Musculoskeletal system procedure 25775,Surgery,Musculoskeletal System,CPT
25800,Musculoskeletal system procedure 25800,Surgery,Musculoskeletal System,CPT
25825,Musculoskeletal system procedure 25825,Surgery,Musculoskeletal System,CPT
25850,Musculoskeletal system procedure 25850,Surgery,Musculoskeletal System,CPT
25875,Musculoskeletal system procedure 25875,Surgery,Musculoskeletal System,CPT
25900,Musculoskeletal system procedure 25900,Surgery,Musculoskeletal System,CPT
25925,Musculoskeletal system procedure 25925,Surgery,Musculoskeletal System,CPT
25950,Musculoskeletal system procedure 25950,Surgery,Musculoskeletal System,CPT
25975,Musculoskeletal system procedure 25975,Surgery,Musculoskeletal System,CPT
26000,Musculoskeletal system procedure 26000,Surgery,Musculoskeletal System,CPT
2601F,Performance measure 2601F,Category II - Performance Measures,Quality Measurement,CPT
26025,Musculoskeletal system procedure 26025,Surgery,Musculoskeletal System,CPT
26050,Musculoskeletal system procedure 26050,Surgery,Musculoskeletal System,CPT
26075,Musculoskeletal system procedure 26075,Surgery,Musculoskeletal System,CPT
26100,Musculoskeletal system procedure 26100,Surgery,Musculoskeletal System,CPT
26125,Musculoskeletal system procedure 26125,Surgery,Musculoskeletal System,CPT
26150,Musculoskeletal system procedure 26150,Surgery,Musculoskeletal System,CPT
26175,Musculoskeletal system procedure 26175,Surgery,Musculoskeletal System,CPT
26200,Musculoskeletal system procedure 26200,Surgery,Musculoskeletal System,CPT
26225,Musculoskeletal system procedure 26225,Surgery,Musculoskeletal System,CPT
26250,Musculoskeletal system procedure 26250,Surgery,Musculoskeletal System,CPT
26275,Musculoskeletal system procedure 26275,Surgery,Musculoskeletal System,CPT
26300,Musculoskeletal system procedure 26300,Surgery,Musculoskeletal System,CPT
26325,Musculoskeletal system procedure 26325,Surgery,Musculoskeletal System,CPT
26350,Musculoskeletal system procedure 26350,Surgery,Musculoskeletal System,CPT
26375,Musculoskeletal system procedure 26375,Surgery,Musculoskeletal System,CPT
26400,Musculoskeletal system procedure 26400,Surgery,Musculoskeletal System,CPT
26425,Musculoskeletal system procedure 26425,Surgery,Musculoskeletal System,CPT
26450,Musculoskeletal system procedure 26450,Surgery,Musculoskeletal System,CPT
26475,Musculoskeletal system procedure 26475,Surgery,Musculoskeletal System,CPT
26500,Musculoskeletal system procedure 26500,Surgery,Musculoskeletal System,CPT
2651F,Performance measure 2651F,Category II - Performance Measures,Quality Measurement,CPT
26525,Musculoskeletal system procedure 26525,Surgery,Musculoskeletal System,CPT
26550,Musculoskeletal system procedure 26550,Surgery,Musculoskeletal System,CPT
26575,Musculoskeletal system procedure 26575,Surgery,Musculoskeletal System,CPT
26600,Musculoskeletal system procedure 26600,Surgery,Musculoskeletal System,CPT
26625,Musculoskeletal system procedure 26625,Surgery,Musculoskeletal System,CPT
26650,Musculoskeletal system procedure 26650,Surgery,Musculoskeletal System,CPT
26675,Musculoskeletal system procedure 26675,Surgery,Musculoskeletal System,CPT
26700,Musculoskeletal system procedure 26700,Surgery,Musculoskeletal System,CPT
26725,Musculoskeletal system procedure 26725,Surgery,Musculoskeletal System,CPT
26750,Musculoskeletal system procedure 26750,Surgery,Musculoskeletal System,CPT
26775,Musculoskeletal system procedure 26775,Surgery,Musculoskeletal System,CPT
26800,Musculoskeletal system procedure 26800,Surgery,Musculoskeletal System,CPT
26825,Musculoskeletal system procedure 26825,Surgery,Musculoskeletal System,CPT
26850,Musculoskeletal system procedure 26850,Surgery,Musculoskeletal System,CPT
26875,Musculoskeletal system procedure 26875,Surgery,Musculoskeletal System,CPT
26900,Musculoskeletal system procedure 26900,Surgery,Musculoskeletal System,CPT
26925,Musculoskeletal system procedure 26925,Surgery,Musculoskeletal System,CPT
26950,Musculoskeletal system procedure 26950,Surgery,Musculoskeletal System,CPT
26975,Musculoskeletal system procedure 26975,Surgery,Musculoskeletal System,CPT
27000,Musculoskeletal system procedure 27000,Surgery,Musculoskeletal System,CPT
2701F,Performance measure 2701F,Category II - Performance Measures,Quality Measurement,CPT
27025,Musculoskeletal system procedure 27025,Surgery,Musculoskeletal System,CPT
27050,Musculoskeletal system procedure 27050,Surgery,Musculoskeletal System,CPT
27075,Musculoskeletal system procedure 27075,Surgery,Musculoskeletal System,CPT
27100,Musculoskeletal system procedure 27100,Surgery,Musculoskeletal System,CPT
27125,Musculoskeletal system procedure 27125,Surgery,Musculoskeletal System,CPT
27150,Musculoskeletal system procedure 27150,Surgery,Musculoskeletal System,CPT
27175,Musculoskeletal system procedure 27175,Surgery,Musculoskeletal System,CPT
27200,Musculoskeletal system procedure 27200,Surgery,Musculoskeletal System,CPT
27225,Musculoskeletal system procedure 27225,Surgery,Musculoskeletal System,CPT
27250,Musculoskeletal system procedure 27250,Surgery,Musculoskeletal System,CPT
27275,Musculoskeletal system procedure 27275,Surgery,Musculoskeletal System,CPT
27300,Musculoskeletal system procedure 27300,Surgery,Musculoskeletal System,CPT
27325,Musculoskeletal system procedure 27325,Surgery,Musculoskeletal System,CPT
27350,Musculoskeletal system procedure 27350,Surgery,Musculoskeletal System,CPT
27375,Musculoskeletal system procedure 27375,Surgery,Musculoskeletal System,CPT
27400,Musculoskeletal system procedure 27400,Surgery,Musculoskeletal System,CPT
27425,Musculoskeletal system procedure 27425,Surgery,Musculoskeletal System,CPT
27450,Musculoskeletal system procedure 27450,Surgery,Musculoskeletal System,CPT
27475,Musculoskeletal system procedure 27475,Surgery,Musculoskeletal System,CPT
27500,Musculoskeletal system procedure 27500,Surgery,Musculoskeletal System,CPT
2751F,Performance measure 2751F,Category II - Performance Measures,Quality Measurement,CPT
27525,Musculoskeletal system procedure 27525,Surgery,Musculoskeletal System,CPT
27550,Musculoskeletal system procedure 27550,Surgery,Musculoskeletal System,CPT
27575,Musculoskeletal system procedure 27575,Surgery,Musculoskeletal System,CPT
27600,Musculoskeletal system procedure 27600,Surgery,Musculoskeletal System,CPT
27625,Musculoskeletal system procedure 27625,Surgery,Musculoskeletal System,CPT
27650,Musculoskeletal system procedure 27650,Surgery,Musculoskeletal System,CPT
27675,Musculoskeletal system procedure 27675,Surgery,Musculoskeletal System,CPT
27700,Musculoskeletal system procedure 27700,Surgery,Musculoskeletal System,CPT
27725,Musculoskeletal system procedure 27725,Surgery,Musculoskeletal System,CPT
27750,Musculoskeletal system procedure 27750,Surgery,Musculoskeletal System,CPT
27775,Musculoskeletal system procedure 27775,Surgery,Musculoskeletal System,CPT
27800,Musculoskeletal system procedure 27800,Surgery,Musculoskeletal System,CPT
27825,Musculoskeletal system procedure 27825,Surgery,Musculoskeletal System,CPT
27850,Musculoskeletal system procedure 27850,Surgery,Musculoskeletal System,CPT
27875,Musculoskeletal system procedure 27875,Surgery,Musculoskeletal System,CPT
27900,Musculoskeletal system procedure 27900,Surgery,Musculoskeletal System,CPT
27925,Musculoskeletal system procedure 27925,Surgery,Musculoskeletal System,CPT
27950,Musculoskeletal system procedure 27950,Surgery,Musculoskeletal System,CPT
27975,Musculoskeletal system procedure 27975,Surgery,Musculoskeletal System,CPT
28000,Musculoskeletal system procedure 28000,Surgery,Musculoskeletal System,CPT
2801F,Performance measure 2801F,Category II - Performance Measures,Quality Measurement,CPT
28025,Musculoskeletal system procedure 28025,Surgery,Musculoskeletal System,CPT
28050,Musculoskeletal system procedure 28050,Surgery,Musculoskeletal System,CPT
28075,Musculoskeletal system procedure 28075,Surgery,Musculoskeletal System,CPT
28100,Musculoskeletal system procedure 28100,Surgery,Musculoskeletal System,CPT
28125,Musculoskeletal system procedure 28125,Surgery,Musculoskeletal System,CPT
28150,Musculoskeletal system procedure 28150,Surgery,Musculoskeletal System,CPT
28175,Musculoskeletal system procedure 28175,Surgery,Musculoskeletal System,CPT
28200,Musculoskeletal system procedure 28200,Surgery,Musculoskeletal System,CPT
28225,Musculoskeletal system procedure 28225,Surgery,Musculoskeletal System,CPT
28250,Musculoskeletal system procedure 28250,Surgery,Musculoskeletal System,CPT
28275,Musculoskeletal system procedure 28275,Surgery,Musculoskeletal System,CPT
28300,Musculoskeletal system procedure 28300,Surgery,Musculoskeletal System,CPT
28325,Musculoskeletal system procedure 28325,Surgery,Musculoskeletal System,CPT
28350,Musculoskeletal system procedure 28350,Surgery,Musculoskeletal System,CPT
28375,Musculoskeletal system procedure 28375,Surgery,Musculoskeletal System,CPT
28400,Musculoskeletal system procedure 28400,Surgery,Musculoskeletal System,CPT
28425,Musculoskeletal system procedure 28425,Surgery,Musculoskeletal System,CPT
28450,Musculoskeletal system procedure 28450,Surgery,Musculoskeletal System,CPT
28475,Musculoskeletal system procedure 28475,Surgery,Musculoskeletal System,CPT
28500,Musculoskeletal system procedure 28500,Surgery,Musculoskeletal System,CPT
2851F,Performance measure 2851F,Category II - Performance Measures,Quality Measurement,CPT
28525,Musculoskeletal system procedure 28525,Surgery,Musculoskeletal System,CPT
28550,Musculoskeletal system procedure 28550,Surgery,Musculoskeletal System,CPT
28575,Musculoskeletal system procedure 28575,Surgery,Musculoskeletal System,CPT
28600,Musculoskeletal system procedure 28600,Surgery,Musculoskeletal System,CPT
28625,Musculoskeletal system procedure 28625,Surgery,Musculoskeletal System,CPT
28650,Musculoskeletal system procedure 28650,Surgery,Musculoskeletal System,CPT
28675,Musculoskeletal system procedure 28675,Surgery,Musculoskeletal System,CPT
28700,Musculoskeletal system procedure 28700,Surgery,Musculoskeletal System,CPT
28725,Musculoskeletal system procedure 28725,Surgery,Musculoskeletal System,CPT
28750,Musculoskeletal system procedure 28750,Surgery,Musculoskeletal System,CPT
28775,Musculoskeletal system procedure 28775,Surgery,Musculoskeletal System,CPT
28800,Musculoskeletal system procedure 28800,Surgery,Musculoskeletal System,CPT
28825,Musculoskeletal system procedure 28825,Surgery,Musculoskeletal System,CPT
28850,Musculoskeletal system procedure 28850,Surgery,Musculoskeletal System,CPT
28875,Musculoskeletal system procedure 28875,Surgery,Musculoskeletal System,CPT
28900,Musculoskeletal system procedure 28900,Surgery,Musculoskeletal System,CPT
28925,Musculoskeletal system procedure 28925,Surgery,Musculoskeletal System,CPT
28950,Musculoskeletal system procedure 28950,Surgery,Musculoskeletal System,CPT
28975,Musculoskeletal system procedure 28975,Surgery,Musculoskeletal System,CPT
29000,Musculoskeletal system procedure 29000,Surgery,Musculoskeletal System,CPT
2901F,Performance measure 2901F,Category II - Performance Measures,Quality Measurement,CPT
29025,Musculoskeletal system procedure 29025,Surgery,Musculoskeletal System,CPT
29050,Musculoskeletal system procedure 29050,Surgery,Musculoskeletal System,CPT
29075,Musculoskeletal system procedure 29075,Surgery,Musculoskeletal System,CPT
29100,Musculoskeletal system procedure 29100,Surgery,Musculoskeletal System,CPT
29125,Musculoskeletal system procedure 29125,Surgery,Musculoskeletal System,CPT
29150,Musculoskeletal system procedure 29150,Surgery,Musculoskeletal System,CPT
29175,Musculoskeletal system procedure 29175,Surgery,Musculoskeletal System,CPT
29200,Musculoskeletal system procedure 29200,Surgery,Musculoskeletal System,CPT
29225,Musculoskeletal system procedure 29225,Surgery,Musculoskeletal System,CPT
29250,Musculoskeletal system procedure 29250,Surgery,Musculoskeletal System,CPT
29275,Musculoskeletal system procedure 29275,Surgery,Musculoskeletal System,CPT
29300,Musculoskeletal system procedure 29300,Surgery,Musculoskeletal System,CPT
29325,Musculoskeletal system procedure 29325,Surgery,Musculoskeletal System,CPT
29350,Musculoskeletal system procedure 29350,Surgery,Musculoskeletal System,CPT
29375,Musculoskeletal system procedure 29375,Surgery,Musculoskeletal System,CPT
29400,Musculoskeletal system procedure 29400,Surgery,Musculoskeletal System,CPT
29425,Musculoskeletal system procedure 29425,Surgery,Musculoskeletal System,CPT
29450,Musculoskeletal system procedure 29450,Surgery,Musculoskeletal System,CPT
29475,Musculoskeletal system procedure 29475,Surgery,Musculoskeletal System,CPT
29500,Musculoskeletal system procedure 29500,Surgery,Musculoskeletal System,CPT
2951F,Performance measure 2951F,Category II - Performance Measures,Quality Measurement,CPT
29525,Musculoskeletal system procedure 29525,Surgery,Musculoskeletal System,CPT
29550,Musculoskeletal system procedure 29550,Surgery,Musculoskeletal System,CPT
29575,Musculoskeletal system procedure 29575,Surgery,Musculoskeletal System,CPT
29600,Musculoskeletal system procedure 29600,Surgery,Musculoskeletal System,CPT
29625,Musculoskeletal system procedure 29625,Surgery,Musculoskeletal System,CPT
29650,Musculoskeletal system procedure 29650,Surgery,Musculoskeletal System,CPT
29675,Musculoskeletal system procedure 29675,Surgery,Musculoskeletal System,CPT
29700,Musculoskeletal system procedure 29700,Surgery,Musculoskeletal System,CPT
29725,Musculoskeletal system procedure 29725,Surgery,Musculoskeletal System,CPT
29750,Musculoskeletal system procedure 29750,Surgery,Musculoskeletal System,CPT
29775,Musculoskeletal system procedure 29775,Surgery,Musculoskeletal System,CPT
29800,Musculoskeletal system procedure 29800,Surgery,Musculoskeletal System,CPT
29825,Musculoskeletal system procedure 29825,Surgery,Musculoskeletal System,CPT
29850,Musculoskeletal system procedure 29850,Surgery,Musculoskeletal System,CPT
29875,Musculoskeletal system procedure 29875,Surgery,Musculoskeletal System,CPT
29900,Musculoskeletal system procedure 29900,Surgery,Musculoskeletal System,CPT
29925,Musculoskeletal system procedure 29925,Surgery,Musculoskeletal System,CPT
29950,Musculoskeletal system procedure 29950,Surgery,Musculoskeletal System,CPT
29975,Musculoskeletal system procedure 29975,Surgery,Musculoskeletal System,CPT
30000,Respiratory system procedure 30000,Surgery,Respiratory System,CPT
3001F,Performance measure 3001F,Category II - Performance Measures,Quality Measurement,CPT
30025,Respiratory system procedure 30025,Surgery,Respiratory System,CPT
30050,Respiratory system procedure 30050,Surgery,Respiratory System,CPT
30075,Respiratory system procedure 30075,Surgery,Respiratory System,CPT
30100,Respiratory system procedure 30100,Surgery,Respiratory System,CPT
30125,Respiratory system procedure 30125,Surgery,Respiratory System,CPT
30150,Respiratory system procedure 30150,Surgery,Respiratory System,CPT
30175,Respiratory system procedure 30175,Surgery,Respiratory System,CPT
30200,Respiratory system procedure 30200,Surgery,Respiratory System,CPT
30225,Respiratory system procedure 30225,Surgery,Respiratory System,CPT
30250,Respiratory system procedure 30250,Surgery,Respiratory System,CPT
30275,Respiratory system procedure 30275,Surgery,Respiratory System,CPT
30300,Respiratory system procedure 30300,Surgery,Respiratory System,CPT
30325,Respiratory system procedure 30325,Surgery,Respiratory System,CPT
30350,Respiratory system procedure 30350,Surgery,Respiratory System,CPT
30375,Respiratory system procedure 30375,Surgery,Respiratory System,CPT
30400,Respiratory system procedure 30400,Surgery,Respiratory System,CPT
30425,Respiratory system procedure 30425,Surgery,Respiratory System,CPT
30450,Respiratory system procedure 30450,Surgery,Respiratory System,CPT
30475,Respiratory system procedure 30475,Surgery,Respiratory System,CPT
30500,Respiratory system procedure 30500,Surgery,Respiratory System,CPT
3051F,Performance measure 3051F,Category II - Performance Measures,Quality Measurement,CPT
30525,Respiratory system procedure 30525,Surgery,Respiratory System,CPT
30550,Respiratory system procedure 30550,Surgery,Respiratory System,CPT
30575,Respiratory system procedure 30575,Surgery,Respiratory System,CPT
30600,Respiratory system procedure 30600,Surgery,Respiratory System,CPT
30625,Respiratory system procedure 30625,Surgery,Respiratory System,CPT
30650,Respiratory system procedure 30650,Surgery,Respiratory System,CPT
30675,Respiratory system procedure 30675,Surgery,Respiratory System,CPT
30700,Respiratory system procedure 30700,Surgery,Respiratory System,CPT
30725,Respiratory system procedure 30725,Surgery,Respiratory System,CPT
30750,Respiratory system procedure 30750,Surgery,Respiratory System,CPT
30775,Respiratory system procedure 30775,Surgery,Respiratory System,CPT
30800,Respiratory system procedure 30800,Surgery,Respiratory System,CPT
30825,Respiratory system procedure 30825,Surgery,Respiratory System,CPT
30850,Respiratory system procedure 30850,Surgery,Respiratory System,CPT
30875,Respiratory system procedure 30875,Surgery,Respiratory System,CPT
30900,Respiratory system procedure 30900,Surgery,Respiratory System,CPT
30925,Respiratory system procedure 30925,Surgery,Respiratory System,CPT
30950,Respiratory system procedure 30950,Surgery,Respiratory System,CPT
30975,Respiratory system procedure 30975,Surgery,Respiratory System,CPT
31000,Respiratory system procedure 31000,Surgery,Respiratory System,CPT
3101F,Performance measure 3101F,Category II - Performance Measures,Quality Measurement,CPT
31025,Respiratory system procedure 31025,Surgery,Respiratory System,CPT
31050,Respiratory system procedure 31050,Surgery,Respiratory System,CPT
31075,Respiratory system procedure 31075,Surgery,Respiratory System,CPT
31100,Respiratory system procedure 31100,Surgery,Respiratory System,CPT
31125,Respiratory system procedure 31125,Surgery,Respiratory System,CPT
31150,Respiratory system procedure 31150,Surgery,Respiratory System,CPT
31175,Respiratory system procedure 31175,Surgery,Respiratory System,CPT
31200,Respiratory system procedure 31200,Surgery,Respiratory System,CPT
31225,Respiratory system procedure 31225,Surgery,Respiratory System,CPT
31250,Respiratory system procedure 31250,Surgery,Respiratory System,CPT
31275,Respiratory system procedure 31275,Surgery,Respiratory System,CPT
31300,Respiratory system procedure 31300,Surgery,Respiratory System,CPT
31325,Respiratory system procedure 31325,Surgery,Respiratory System,CPT
31350,Respiratory system procedure 31350,Surgery,Respiratory System,CPT
31375,Respiratory system procedure 31375,Surgery,Respiratory System,CPT
31400,Respiratory system procedure 31400,Surgery,Respiratory System,CPT
31425,Respiratory system procedure 31425,Surgery,Respiratory System,CPT
31450,Respiratory system procedure 31450,Surgery,Respiratory System,CPT
31475,Respiratory system procedure 31475,Surgery,Respiratory System,CPT
31500,Respiratory system procedure 31500,Surgery,Respiratory System,CPT
3151F,Performance measure 3151F,Category II - Performance Measures,Quality Measurement,CPT
31525,Respiratory system procedure 31525,Surgery,Respiratory System,CPT
31550,Respiratory system procedure 31550,Surgery,Respiratory System,CPT
31575,Respiratory system procedure 31575,Surgery,Respiratory System,CPT
31600,Respiratory system procedure 31600,Surgery,Respiratory System,CPT
31625,Respiratory system procedure 31625,Surgery,Respiratory System,CPT
31650,Respiratory system procedure 31650,Surgery,Respiratory System,CPT
31675,Respiratory system procedure 31675,Surgery,Respiratory System,CPT
31700,Respiratory system procedure 31700,Surgery,Respiratory System,CPT
31725,Respiratory system procedure 31725,Surgery,Respiratory System,CPT
31750,Respiratory system procedure 31750,Surgery,Respiratory System,CPT
31775,Respiratory system procedure 31775,Surgery,Respiratory System,CPT
31800,Respiratory system procedure 31800,Surgery,Respiratory System,CPT
31825,Respiratory system procedure 31825,Surgery,Respiratory System,CPT
31850,Respiratory system procedure 31850,Surgery,Respiratory System,CPT
31875,Respiratory system procedure 31875,Surgery,Respiratory System,CPT
31900,Respiratory system procedure 31900,Surgery,Respiratory System,CPT
31925,Respiratory system procedure 31925,Surgery,Respiratory System,CPT
31950,Respiratory system procedure 31950,Surgery,Respiratory System,CPT
31975,Respiratory system procedure 31975,Surgery,Respiratory System,CPT
32000,Respiratory system procedure 32000,Surgery,Respiratory System,CPT
3201F,Performance measure 3201F,Category II - Performance Measures,Quality Measurement,CPT
32025,Respiratory system procedure 32025,Surgery,Respiratory System,CPT
32050,Respiratory system procedure 32050,Surgery,Respiratory System,CPT
32075,Respiratory system procedure 32075,Surgery,Respiratory System,CPT
32100,Respiratory system procedure 32100,Surgery,Respiratory System,CPT
32125,Respiratory system procedure 32125,Surgery,Respiratory System,CPT
32150,Respiratory system procedure 32150,Surgery,Respiratory System,CPT
32175,Respiratory system procedure 32175,Surgery,Respiratory System,CPT
32200,Respiratory system procedure 32200,Surgery,Respiratory System,CPT
32225,Respiratory system procedure 32225,Surgery,Respiratory System,CPT
32250,Respiratory system procedure 32250,Surgery,Respiratory System,CPT
32275,Respiratory system procedure 32275,Surgery,Respiratory System,CPT
32300,Respiratory system procedure 32300,Surgery,Respiratory System,CPT
32325,Respiratory system procedure 32325,Surgery,Respiratory System,CPT
32350,Respiratory system procedure 32350,Surgery,Respiratory System,CPT
32375,Respiratory system procedure 32375,Surgery,Respiratory System,CPT
32400,Respiratory system procedure 32400,Surgery,Respiratory System,CPT
32425,Respiratory system procedure 32425,Surgery,Respiratory System,CPT
32450,Respiratory system procedure 32450,Surgery,Respiratory System,CPT
32475,Respiratory system procedure 32475,Surgery,Respiratory System,CPT
32500,Respiratory system procedure 32500,Surgery,Respiratory System,CPT
3251F,Performance measure 3251F,Category II - Performance Measures,Quality Measurement,CPT
32525,Respiratory system procedure 32525,Surgery,Respiratory System,CPT
32550,Respiratory system procedure 32550,Surgery,Respiratory System,CPT
32575,Respiratory system procedure 32575,Surgery,Respiratory System,CPT
32600,Respiratory system procedure 32600,Surgery,Respiratory System,CPT
32625,Respiratory system procedure 32625,Surgery,Respiratory System,CPT
32650,Respiratory system procedure 32650,Surgery,Respiratory System,CPT
32675,Respiratory system procedure 32675,Surgery,Respiratory System,CPT
32700,Respiratory system procedure 32700,Surgery,Respiratory System,CPT
32725,Respiratory system procedure 32725,Surgery,Respiratory System,CPT
32750,Respiratory system procedure 32750,Surgery,Respiratory System,CPT
32775,Respiratory system procedure 32775,Surgery,Respiratory System,CPT
32800,Respiratory system procedure 32800,Surgery,Respiratory System,CPT
32825,Respiratory system procedure 32825,Surgery,Respiratory System,CPT
32850,Respiratory system procedure 32850,Surgery,Respiratory System,CPT
32875,Respiratory system procedure 32875,Surgery,Respiratory System,CPT
32900,Respiratory system procedure 32900,Surgery,Respiratory System,CPT
32925,Respiratory system procedure 32925,Surgery,Respiratory System,CPT
32950,Respiratory system procedure 32950,Surgery,Respiratory System,CPT
32975,Respiratory system procedure 32975,Surgery,Respiratory System,CPT
33000,Cardiovascular system procedure 33000,Surgery,Cardiovascular System,CPT
3301F,Performance measure 3301F,Category II - Performance Measures,Quality Measurement,CPT
33025,Cardiovascular system procedure 33025,Surgery,Cardiovascular System,CPT
33050,Cardiovascular system procedure 33050,Surgery,Cardiovascular System,CPT
33075,Cardiovascular system procedure 33075,Surgery,Cardiovascular System,CPT
33100,Cardiovascular system procedure 33100,Surgery,Cardiovascular System,CPT
33125,Cardiovascular system procedure 33125,Surgery,Cardiovascular System,CPT
33150,Cardiovascular system procedure 33150,Surgery,Cardiovascular System,CPT
33175,Cardiovascular system procedure 33175,Surgery,Cardiovascular System,CPT
33200,Cardiovascular system procedure 33200,Surgery,Cardiovascular System,CPT
33225,Cardiovascular system procedure 33225,Surgery,Cardiovascular System,CPT
33250,Cardiovascular system procedure 33250,Surgery,Cardiovascular System,CPT
33275,Cardiovascular system procedure 33275,Surgery,Cardiovascular System,CPT
33300,Cardiovascular system procedure 33300,Surgery,Cardiovascular System,CPT
33325,Cardiovascular system procedure 33325,Surgery,Cardiovascular System,CPT
33350,Cardiovascular system procedure 33350,Surgery,Cardiovascular System,CPT
33375,Cardiovascular system procedure 33375,Surgery,Cardiovascular System,CPT
33400,Cardiovascular system procedure 33400,Surgery,Cardiovascular System,CPT
33425,Cardiovascular system procedure 33425,Surgery,Cardiovascular System,CPT
33450,Cardiovascular system procedure 33450,Surgery,Cardiovascular System,CPT
33475,Cardiovascular system procedure 33475,Surgery,Cardiovascular System,CPT
33500,Cardiovascular system procedure 33500,Surgery,Cardiovascular System,CPT
3351F,Performance measure 3351F,Category II - Performance Measures,Quality Measurement,CPT
33525,Cardiovascular system procedure 33525,Surgery,Cardiovascular System,CPT
33550,Cardiovascular system procedure 33550,Surgery,Cardiovascular System,CPT
33575,Cardiovascular system procedure 33575,Surgery,Cardiovascular System,CPT
33600,Cardiovascular system procedure 33600,Surgery,Cardiovascular System,CPT
33625,Cardiovascular system procedure 33625,Surgery,Cardiovascular System,CPT
33650,Cardiovascular system procedure 33650,Surgery,Cardiovascular System,CPT
33675,Cardiovascular system procedure 33675,Surgery,Cardiovascular System,CPT
33700,Cardiovascular system procedure 33700,Surgery,Cardiovascular System,CPT
33725,Cardiovascular system procedure 33725,Surgery,Cardiovascular System,CPT
33750,Cardiovascular system procedure 33750,Surgery,Cardiovascular System,CPT
33775,Cardiovascular system procedure 33775,Surgery,Cardiovascular System,CPT
33800,Cardiovascular system procedure 33800,Surgery,Cardiovascular System,CPT
33825,Cardiovascular system procedure 33825,Surgery,Cardiovascular System,CPT
33850,Cardiovascular system procedure 33850,Surgery,Cardiovascular System,CPT
33875,Cardiovascular system procedure 33875,Surgery,Cardiovascular System,CPT
33900,Cardiovascular system procedure 33900,Surgery,Cardiovascular System,CPT
33925,Cardiovascular system procedure 33925,Surgery,Cardiovascular System,CPT
33950,Cardiovascular system procedure 33950,Surgery,Cardiovascular System,CPT
33975,Cardiovascular system procedure 33975,Surgery,Cardiovascular System,CPT
34000,Cardiovascular system procedure 34000,Surgery,Cardiovascular System,CPT
3401F,Performance measure 3401F,Category II - Performance Measures,Quality Measurement,CPT
34025,Cardiovascular system procedure 34025,Surgery,Cardiovascular System,CPT
34050,Cardiovascular system procedure 34050,Surgery,Cardiovascular System,CPT
34075,Cardiovascular system procedure 34075,Surgery,Cardiovascular System,CPT
34100,Cardiovascular system procedure 34100,Surgery,Cardiovascular System,CPT
34125,Cardiovascular system procedure 34125,Surgery,Cardiovascular System,CPT
34150,Cardiovascular system procedure 34150,Surgery,Cardiovascular System,CPT
34175,Cardiovascular system procedure 34175,Surgery,Cardiovascular System,CPT
34200,Cardiovascular system procedure 34200,Surgery,Cardiovascular System,CPT
34225,Cardiovascular system procedure 34225,Surgery,Cardiovascular System,CPT
34250,Cardiovascular system procedure 34250,Surgery,Cardiovascular System,CPT
34275,Cardiovascular system procedure 34275,Surgery,Cardiovascular System,CPT
34300,Cardiovascular system procedure 34300,Surgery,Cardiovascular System,CPT
34325,Cardiovascular system procedure 34325,Surgery,Cardiovascular System,CPT
34350,Cardiovascular system procedure 34350,Surgery,Cardiovascular System,CPT
34375,Cardiovascular system procedure 34375,Surgery,Cardiovascular System,CPT
34400,Cardiovascular system procedure 34400,Surgery,Cardiovascular System,CPT
34425,Cardiovascular system procedure 34425,Surgery,Cardiovascular System,CPT
34450,Cardiovascular system procedure 34450,Surgery,Cardiovascular System,CPT
34475,Cardiovascular system procedure 34475,Surgery,Cardiovascular System,CPT
34500,Cardiovascular system procedure 34500,Surgery,Cardiovascular System,CPT
3451F,Performance measure 3451F,Category II - Performance Measures,Quality Measurement,CPT
34525,Cardiovascular system procedure 34525,Surgery,Cardiovascular System,CPT
34550,Cardiovascular system procedure 34550,Surgery,Cardiovascular System,CPT
34575,Cardiovascular system procedure 34575,Surgery,Cardiovascular System,CPT
34600,Cardiovascular system procedure 34600,Surgery,Cardiovascular System,CPT
34625,Cardiovascular system procedure 34625,Surgery,Cardiovascular System,CPT
34650,Cardiovascular system procedure 34650,Surgery,Cardiovascular System,CPT
34675,Cardiovascular system procedure 34675,Surgery,Cardiovascular System,CPT
34700,Cardiovascular system procedure 34700,Surgery,Cardiovascular System,CPT
34725,Cardiovascular system procedure 34725,Surgery,Cardiovascular System,CPT
34750,Cardiovascular system procedure 34750,Surgery,Cardiovascular System,CPT
34775,Cardiovascular system procedure 34775,Surgery,Cardiovascular System,CPT
34800,Cardiovascular system procedure 34800,Surgery,Cardiovascular System,CPT
34825,Cardiovascular system procedure 34825,Surgery,Cardiovascular System,CPT
34850,Cardiovascular system procedure 34850,Surgery,Cardiovascular System,CPT
34875,Cardiovascular system procedure 34875,Surgery,Cardiovascular System,CPT
34900,Cardiovascular system procedure 34900,Surgery,Cardiovascular System,CPT
34925,Cardiovascular system procedure 34925,Surgery,Cardiovascular System,CPT
34950,Cardiovascular system procedure 34950,Surgery,Cardiovascular System,CPT
34975,Cardiovascular system procedure 34975,Surgery,Cardiovascular System,CPT
35000,Cardiovascular system procedure 35000,Surgery,Cardiovascular System,CPT
3501F,Performance measure 3501F,Category II - Performance Measures,Quality Measurement,CPT
35025,Cardiovascular system procedure 35025,Surgery,Cardiovascular System,CPT
35050,Cardiovascular system procedure 35050,Surgery,Cardiovascular System,CPT
35075,Cardiovascular system procedure 35075,Surgery,Cardiovascular System,CPT
35100,Cardiovascular system procedure 35100,Surgery,Cardiovascular System,CPT
35125,Cardiovascular system procedure 35125,Surgery,Cardiovascular System,CPT
35150,Cardiovascular system procedure 35150,Surgery,Cardiovascular System,CPT
35175,Cardiovascular system procedure 35175,Surgery,Cardiovascular System,CPT
35200,Cardiovascular system procedure 35200,Surgery,Cardiovascular System,CPT
35225,Cardiovascular system procedure 35225,Surgery,Cardiovascular System,CPT
35250,Cardiovascular system procedure 35250,Surgery,Cardiovascular System,CPT
35275,Cardiovascular system procedure 35275,Surgery,Cardiovascular System,CPT
35300,Cardiovascular system procedure 35300,Surgery,Cardiovascular System,CPT
35325,Cardiovascular system procedure 35325,Surgery,Cardiovascular System,CPT
35350,Cardiovascular system procedure 35350,Surgery,Cardiovascular System,CPT
35375,Cardiovascular system procedure 35375,Surgery,Cardiovascular System,CPT
35400,Cardiovascular system procedure 35400,Surgery,Cardiovascular System,CPT
35425,Cardiovascular system procedure 35425,Surgery,Cardiovascular System,CPT
35450,Cardiovascular system procedure 35450,Surgery,Cardiovascular System,CPT
35475,Cardiovascular system procedure 35475,Surgery,Cardiovascular System,CPT
35500,Cardiovascular system procedure 35500,Surgery,Cardiovascular System,CPT
3551F,Performance measure 3551F,Category II - Performance Measures,Quality Measurement,CPT
35525,Cardiovascular system procedure 35525,Surgery,Cardiovascular System,CPT
35550,Cardiovascular system procedure 35550,Surgery,Cardiovascular System,CPT
35575,Cardiovascular system procedure 35575,Surgery,Cardiovascular System,CPT
35600,Cardiovascular system procedure 35600,Surgery,Cardiovascular System,CPT
35625,Cardiovascular system procedure 35625,Surgery,Cardiovascular System,CPT
35650,Cardiovascular system procedure 35650,Surgery,Cardiovascular System,CPT
35675,Cardiovascular system procedure 35675,Surgery,Cardiovascular System,CPT
35700,Cardiovascular system procedure 35700,Surgery,Cardiovascular System,CPT
35725,Cardiovascular system procedure 35725,Surgery,Cardiovascular System,CPT
35750,Cardiovascular system procedure 35750,Surgery,Cardiovascular System,CPT
35775,Cardiovascular system procedure 35775,Surgery,Cardiovascular System,CPT
35800,Cardiovascular system procedure 35800,Surgery,Cardiovascular System,CPT
35825,Cardiovascular system procedure 35825,Surgery,Cardiovascular System,CPT
35850,Cardiovascular system procedure 35850,Surgery,Cardiovascular System,CPT
35875,Cardiovascular system procedure 35875,Surgery,Cardiovascular System,CPT
35900,Cardiovascular system procedure 35900,Surgery,Cardiovascular System,CPT
35925,Cardiovascular system procedure 35925,Surgery,Cardiovascular System,CPT
35950,Cardiovascular system procedure 35950,Surgery,Cardiovascular System,CPT
35975,Cardiovascular system procedure 35975,Surgery,Cardiovascular System,CPT
36000,Cardiovascular system procedure 36000,Surgery,Cardiovascular System,CPT
3601F,Performance measure 3601F,Category II - Performance Measures,Quality Measurement,CPT
36025,Cardiovascular system procedure 36025,Surgery,Cardiovascular System,CPT
36050,Cardiovascular system procedure 36050,Surgery,Cardiovascular System,CPT
36075,Cardiovascular system procedure 36075,Surgery,Cardiovascular System,CPT
36100,Cardiovascular system procedure 36100,Surgery,Cardiovascular System,CPT
36125,Cardiovascular system procedure 36125,Surgery,Cardiovascular System,CPT
36150,Cardiovascular system procedure 36150,Surgery,Cardiovascular System,CPT
36175,Cardiovascular system procedure 36175,Surgery,Cardiovascular System,CPT
36200,Cardiovascular system procedure 36200,Surgery,Cardiovascular System,CPT
36225,Cardiovascular system procedure 36225,Surgery,Cardiovascular System,CPT
36250,Cardiovascular system procedure 36250,Surgery,Cardiovascular System,CPT
36275,Cardiovascular system procedure 36275,Surgery,Cardiovascular System,CPT
36300,Cardiovascular system procedure 36300,Surgery,Cardiovascular System,CPT
36325,Cardiovascular system procedure 36325,Surgery,Cardiovascular System,CPT
36350,Cardiovascular system procedure 36350,Surgery,Cardiovascular System,CPT
36375,Cardiovascular system procedure 36375,Surgery,Cardiovascular System,CPT
36400,Cardiovascular system procedure 36400,Surgery,Cardiovascular System,CPT
36425,Cardiovascular system procedure 36425,Surgery,Cardiovascular System,CPT
36450,Cardiovascular system procedure 36450,Surgery,Cardiovascular System,CPT
36475,Cardiovascular system procedure 36475,Surgery,Cardiovascular System,CPT
36500,Cardiovascular system procedure 36500,Surgery,Cardiovascular System,CPT
3651F,Performance measure 3651F,Category II - Performance Measures,Quality Measurement,CPT
36525,Cardiovascular system procedure 36525,Surgery,Cardiovascular System,CPT
36550,Cardiovascular system procedure 36550,Surgery,Cardiovascular System,CPT
36575,Cardiovascular system procedure 36575,Surgery,Cardiovascular System,CPT
36600,Cardiovascular system procedure 36600,Surgery,Cardiovascular System,CPT
36625,Cardiovascular system procedure 36625,Surgery,Cardiovascular System,CPT
36650,Cardiovascular system procedure 36650,Surgery,Cardiovascular System,CPT
36675,Cardiovascular system procedure 36675,Surgery,Cardiovascular System,CPT
36700,Cardiovascular system procedure 36700,Surgery,Cardiovascular System,CPT
36725,Cardiovascular system procedure 36725,Surgery,Cardiovascular System,CPT
36750,Cardiovascular system procedure 36750,Surgery,Cardiovascular System,CPT
36775,Cardiovascular system procedure 36775,Surgery,Cardiovascular System,CPT
36800,Cardiovascular system procedure 36800,Surgery,Cardiovascular System,CPT
36825,Cardiovascular system procedure 36825,Surgery,Cardiovascular System,CPT
36850,Cardiovascular system procedure 36850,Surgery,Cardiovascular System,CPT
36875,Cardiovascular system procedure 36875,Surgery,Cardiovascular System,CPT
36900,Cardiovascular system procedure 36900,Surgery,Cardiovascular System,CPT
36925,Cardiovascular system procedure 36925,Surgery,Cardiovascular System,CPT
36950,Cardiovascular system procedure 36950,Surgery,Cardiovascular System,CPT
36975,Cardiovascular system procedure 36975,Surgery,Cardiovascular System,CPT
37000,Cardiovascular system procedure 37000,Surgery,Cardiovascular System,CPT
3701F,Performance measure 3701F,Category II - Performance Measures,Quality Measurement,CPT
37025,Cardiovascular system procedure 37025,Surgery,Cardiovascular System,CPT
37050,Cardiovascular system procedure 37050,Surgery,Cardiovascular System,CPT
37075,Cardiovascular system procedure 37075,Surgery,Cardiovascular System,CPT
37100,Cardiovascular system procedure 37100,Surgery,Cardiovascular System,CPT
37125,Cardiovascular system procedure 37125,Surgery,Cardiovascular System,CPT
37150,Cardiovascular system procedure 37150,Surgery,Cardiovascular System,CPT
37175,Cardiovascular system procedure 37175,Surgery,Cardiovascular System,CPT
37200,Cardiovascular system procedure 37200,Surgery,Cardiovascular System,CPT
37225,Cardiovascular system procedure 37225,Surgery,Cardiovascular System,CPT
37250,Cardiovascular system procedure 37250,Surgery,Cardiovascular System,CPT
37275,Cardiovascular system procedure 37275,Surgery,Cardiovascular System,CPT
37300,Cardiovascular system procedure 37300,Surgery,Cardiovascular System,CPT
37325,Cardiovascular system procedure 37325,Surgery,Cardiovascular System,CPT
37350,Cardiovascular system procedure 37350,Surgery,Cardiovascular System,CPT
37375,Cardiovascular system procedure 37375,Surgery,Cardiovascular System,CPT
37400,Cardiovascular system procedure 37400,Surgery,Cardiovascular System,CPT
37425,Cardiovascular system procedure 37425,Surgery,Cardiovascular System,CPT
37450,Cardiovascular system procedure 37450,Surgery,Cardiovascular System,CPT
37475,Cardiovascular system procedure 37475,Surgery,Cardiovascular System,CPT
37500,Cardiovascular system procedure 37500,Surgery,Cardiovascular System,CPT
3751F,Performance measure 3751F,Category II - Performance Measures,Quality Measurement,CPT
37525,Cardiovascular system procedure 37525,Surgery,Cardiovascular System,CPT
37550,Cardiovascular system procedure 37550,Surgery,Cardiovascular System,CPT
37575,Cardiovascular system procedure 37575,Surgery,Cardiovascular System,CPT
37600,Cardiovascular system procedure 37600,Surgery,Cardiovascular System,CPT
37625,Cardiovascular system procedure 37625,Surgery,Cardiovascular System,CPT
37650,Cardiovascular system procedure 37650,Surgery,Cardiovascular System,CPT
37675,Cardiovascular system procedure 37675,Surgery,Cardiovascular System,CPT
37700,Cardiovascular system procedure 37700,Surgery,Cardiovascular System,CPT
37725,Cardiovascular system procedure 37725,Surgery,Cardiovascular System,CPT
37750,Cardiovascular system procedure 37750,Surgery,Cardiovascular System,CPT
37775,Cardiovascular system procedure 37775,Surgery,Cardiovascular System,CPT
3801F,Performance measure 3801F,Category II - Performance Measures,Quality Measurement,CPT
3851F,Performance measure 3851F,Category II - Performance Measures,Quality Measurement,CPT
3901F,Performance measure 3901F,Category II - Performance Measures,Quality Measurement,CPT
3951F,Performance measure 3951F,Category II - Performance Measures,Quality Measurement,CPT
40000,Digestive system procedure 40000,Surgery,Digestive System,CPT
4001F,Performance measure 4001F,Category II - Performance Measures,Quality Measurement,CPT
40025,Digestive system procedure 40025,Surgery,Digestive System,CPT
40050,Digestive system procedure 40050,Surgery,Digestive System,CPT
40075,Digestive system procedure 40075,Surgery,Digestive System,CPT
40100,Digestive system procedure 40100,Surgery,Digestive System,CPT
40125,Digestive system procedure 40125,Surgery,Digestive System,CPT
40150,Digestive system procedure 40150,Surgery,Digestive System,CPT
40175,Digestive system procedure 40175,Surgery,Digestive System,CPT
40200,Digestive system procedure 40200,Surgery,Digestive System,CPT
40225,Digestive system procedure 40225,Surgery,Digestive System,CPT
40250,Digestive system procedure 40250,Surgery,Digestive System,CPT
40275,Digestive system procedure 40275,Surgery,Digestive System,CPT
40300,Digestive system procedure 40300,Surgery,Digestive System,CPT
40325,Digestive system procedure 40325,Surgery,Digestive System,CPT
40350,Digestive system procedure 40350,Surgery,Digestive System,CPT
40375,Digestive system procedure 40375,Surgery,Digestive System,CPT
40400,Digestive system procedure 40400,Surgery,Digestive System,CPT
40425,Digestive system procedure 40425,Surgery,Digestive System,CPT
40450,Digestive system procedure 40450,Surgery,Digestive System,CPT
40475,Digestive system procedure 40475,Surgery,Digestive System,CPT
40500,Digestive system procedure 40500,Surgery,Digestive System,CPT
4051F,Performance measure 4051F,Category II - Performance Measures,Quality Measurement,CPT
40525,Digestive system procedure 40525,Surgery,Digestive System,CPT
40550,Digestive system procedure 40550,Surgery,Digestive System,CPT
40575,Digestive system procedure 40575,Surgery,Digestive System,CPT
40600,Digestive system procedure 40600,Surgery,Digestive System,CPT
40625,Digestive system procedure 40625,Surgery,Digestive System,CPT
40650,Digestive system procedure 40650,Surgery,Digestive System,CPT
40675,Digestive system procedure 40675,Surgery,Digestive System,CPT
40700,Digestive system procedure 40700,Surgery,Digestive System,CPT
40725,Digestive system procedure 40725,Surgery,Digestive System,CPT
40750,Digestive system procedure 40750,Surgery,Digestive System,CPT
40775,Digestive system procedure 40775,Surgery,Digestive System,CPT
40800,Digestive system procedure 40800,Surgery,Digestive System,CPT
40825,Digestive system procedure 40825,Surgery,Digestive System,CPT
40850,Digestive system procedure 40850,Surgery,Digestive System,CPT
40875,Digestive system procedure 40875,Surgery,Digestive System,CPT
40900,Digestive system procedure 40900,Surgery,Digestive System,CPT
40925,Digestive system procedure 40925,Surgery,Digestive System,CPT
40950,Digestive system procedure 40950,Surgery,Digestive System,CPT
40975,Digestive system procedure 40975,Surgery,Digestive System,CPT
41000,Digestive system procedure 41000,Surgery,Digestive System,CPT
4101F,Performance measure 4101F,Category II - Performance Measures,Quality Measurement,CPT
41025,Digestive system procedure 41025,Surgery,Digestive System,CPT
41050,Digestive system procedure 41050,Surgery,Digestive System,CPT
41075,Digestive system procedure 41075,Surgery,Digestive System,CPT
41100,Digestive system procedure 41100,Surgery,Digestive System,CPT
41125,Digestive system procedure 41125,Surgery,Digestive System,CPT
41150,Digestive system procedure 41150,Surgery,Digestive System,CPT
41175,Digestive system procedure 41175,Surgery,Digestive System,CPT
41200,Digestive system procedure 41200,Surgery,Digestive System,CPT
41225,Digestive system procedure 41225,Surgery,Digestive System,CPT
41250,Digestive system procedure 41250,Surgery,Digestive System,CPT
41275,Digestive system procedure 41275,Surgery,Digestive System,CPT
41300,Digestive system procedure 41300,Surgery,Digestive System,CPT
41325,Digestive system procedure 41325,Surgery,Digestive System,CPT
41350,Digestive system procedure 41350,Surgery,Digestive System,CPT
41375,Digestive system procedure 41375,Surgery,Digestive System,CPT
41400,Digestive system procedure 41400,Surgery,Digestive System,CPT
41425,Digestive system procedure 41425,Surgery,Digestive System,CPT
41450,Digestive system procedure 41450,Surgery,Digestive System,CPT
41475,Digestive system procedure 41475,Surgery,Digestive System,CPT
41500,Digestive system procedure 41500,Surgery,Digestive System,CPT
4151F,Performance measure 4151F,Category II - Performance Measures,Quality Measurement,CPT
41525,Digestive system procedure 41525,Surgery,Digestive System,CPT
41550,Digestive system procedure 41550,Surgery,Digestive System,CPT
41575,Digestive system procedure 41575,Surgery,Digestive System,CPT
41600,Digestive system procedure 41600,Surgery,Digestive System,CPT
41625,Digestive system procedure 41625,Surgery,Digestive System,CPT
41650,Digestive system procedure 41650,Surgery,Digestive System,CPT
41675,Digestive system procedure 41675,Surgery,Digestive System,CPT
41700,Digestive system procedure 41700,Surgery,Digestive System,CPT
41725,Digestive system procedure 41725,Surgery,Digestive System,CPT
41750,Digestive system procedure 41750,Surgery,Digestive System,CPT
41775,Digestive system procedure 41775,Surgery,Digestive System,CPT
41800,Digestive system procedure 41800,Surgery,Digestive System,CPT
41825,Digestive system procedure 41825,Surgery,Digestive System,CPT
41850,Digestive system procedure 41850,Surgery,Digestive System,CPT
41875,Digestive system procedure 41875,Surgery,Digestive System,CPT
41900,Digestive system procedure 41900,Surgery,Digestive System,CPT
41925,Digestive system procedure 41925,Surgery,Digestive System,CPT
41950,Digestive system procedure 41950,Surgery,Digestive System,CPT
41975,Digestive system procedure 41975,Surgery,Digestive System,CPT
42000,Digestive system procedure 42000,Surgery,Digestive System,CPT
4201F,Performance measure 4201F,Category II - Performance Measures,Quality Measurement,CPT
42025,Digestive system procedure 42025,Surgery,Digestive System,CPT
42050,Digestive system procedure 42050,Surgery,Digestive System,CPT
42075,Digestive system procedure 42075,Surgery,Digestive System,CPT
42100,Digestive system procedure 42100,Surgery,Digestive System,CPT
42125,Digestive system procedure 42125,Surgery,Digestive System,CPT
42150,Digestive system procedure 42150,Surgery,Digestive System,CPT
42175,Digestive system procedure 42175,Surgery,Digestive System,CPT
42200,Digestive system procedure 42200,Surgery,Digestive System,CPT
42225,Digestive system procedure 42225,Surgery,Digestive System,CPT
42250,Digestive system procedure 42250,Surgery,Digestive System,CPT
42275,Digestive system procedure 42275,Surgery,Digestive System,CPT
42300,Digestive system procedure 42300,Surgery,Digestive System,CPT
42325,Digestive system procedure 42325,Surgery,Digestive System,CPT
42350,Digestive system procedure 42350,Surgery,Digestive System,CPT
42375,Digestive system procedure 42375,Surgery,Digestive System,CPT
42400,Digestive system procedure 42400,Surgery,Digestive System,CPT
42425,Digestive system procedure 42425,Surgery,Digestive System,CPT
42450,Digestive system procedure 42450,Surgery,Digestive System,CPT
42475,Digestive system procedure 42475,Surgery,Digestive System,CPT
42500,Digestive system procedure 42500,Surgery,Digestive System,CPT
4251F,Performance measure 4251F,Category II - Performance Measures,Quality Measurement,CPT
42525,Digestive system procedure 42525,Surgery,Digestive System,CPT
42550,Digestive system procedure 42550,Surgery,Digestive System,CPT
42575,Digestive system procedure 42575,Surgery,Digestive System,CPT
42600,Digestive system procedure 42600,Surgery,Digestive System,CPT
42625,Digestive system procedure 42625,Surgery,Digestive System,CPT
42650,Digestive system procedure 42650,Surgery,Digestive System,CPT
42675,Digestive system procedure 42675,Surgery,Digestive System,CPT
42700,Digestive system procedure 42700,Surgery,Digestive System,CPT
42725,Digestive system procedure 42725,Surgery,Digestive System,CPT
42750,Digestive system procedure 42750,Surgery,Digestive System,CPT
42775,Digestive system procedure 42775,Surgery,Digestive System,CPT
42800,Digestive system procedure 42800,Surgery,Digestive System,CPT
42825,Digestive system procedure 42825,Surgery,Digestive System,CPT
42850,Digestive system procedure 42850,Surgery,Digestive System,CPT
42875,Digestive system procedure 42875,Surgery,Digestive System,CPT
42900,Digestive system procedure 42900,Surgery,Digestive System,CPT
42925,Digestive system procedure 42925,Surgery,Digestive System,CPT
42950,Digestive system procedure 42950,Surgery,Digestive System,CPT
42975,Digestive system procedure 42975,Surgery,Digestive System,CPT
43000,Digestive system procedure 43000,Surgery,Digestive System,CPT
4301F,Performance measure 4301F,Category II - Performance Measures,Quality Measurement,CPT
43025,Digestive system procedure 43025,Surgery,Digestive System,CPT
43050,Digestive system procedure 43050,Surgery,Digestive System,CPT
43075,Digestive system procedure 43075,Surgery,Digestive System,CPT
43100,Digestive system procedure 43100,Surgery,Digestive System,CPT
43125,Digestive system procedure 43125,Surgery,Digestive System,CPT
43150,Digestive system procedure 43150,Surgery,Digestive System,CPT
43175,Digestive system procedure 43175,Surgery,Digestive System,CPT
43200,Digestive system procedure 43200,Surgery,Digestive System,CPT
43225,Digestive system procedure 43225,Surgery,Digestive System,CPT
43250,Digestive system procedure 43250,Surgery,Digestive System,CPT
43275,Digestive system procedure 43275,Surgery,Digestive System,CPT
43300,Digestive system procedure 43300,Surgery,Digestive System,CPT
43325,Digestive system procedure 43325,Surgery,Digestive System,CPT
43350,Digestive system procedure 43350,Surgery,Digestive System,CPT
43375,Digestive system procedure 43375,Surgery,Digestive System,CPT
43400,Digestive system procedure 43400,Surgery,Digestive System,CPT
43425,Digestive system procedure 43425,Surgery,Digestive System,CPT
43450,Digestive system procedure 43450,Surgery,Digestive System,CPT
43475,Digestive system procedure 43475,Surgery,Digestive System,CPT
43500,Digestive system procedure 43500,Surgery,Digestive System,CPT
4351F,Performance measure 4351F,Category II - Performance Measures,Quality Measurement,CPT
43525,Digestive system procedure 43525,Surgery,Digestive System,CPT
43550,Digestive system procedure 43550,Surgery,Digestive System,CPT
43575,Digestive system procedure 43575,Surgery,Digestive System,CPT
43600,Digestive system procedure 43600,Surgery,Digestive System,CPT
43625,Digestive system procedure 43625,Surgery,Digestive System,CPT
43650,Digestive system procedure 43650,Surgery,Digestive System,CPT
43675,Digestive system procedure 43675,Surgery,Digestive System,CPT
43700,Digestive system procedure 43700,Surgery,Digestive System,CPT
43725,Digestive system procedure 43725,Surgery,Digestive System,CPT
43750,Digestive system procedure 43750,Surgery,Digestive System,CPT
43775,Digestive system procedure 43775,Surgery,Digestive System,CPT
43800,Digestive system procedure 43800,Surgery,Digestive System,CPT
43825,Digestive system procedure 43825,Surgery,Digestive System,CPT
43850,Digestive system procedure 43850,Surgery,Digestive System,CPT
43875,Digestive system procedure 43875,Surgery,Digestive System,CPT
43900,Digestive system procedure 43900,Surgery,Digestive System,CPT
43925,Digestive system procedure 43925,Surgery,Digestive System,CPT
43950,Digestive system procedure 43950,Surgery,Digestive System,CPT
43975,Digestive system procedure 43975,Surgery,Digestive System,CPT
44000,Digestive system procedure 44000,Surgery,Digestive System,CPT
4401F,Performance measure 4401F,Category II - Performance Measures,Quality Measurement,CPT
44025,Digestive system procedure 44025,Surgery,Digestive System,CPT
44050,Digestive system procedure 44050,Surgery,Digestive System,CPT
44075,Digestive system procedure 44075,Surgery,Digestive System,CPT
44100,Digestive system procedure 44100,Surgery,Digestive System,CPT
44125,Digestive system procedure 44125,Surgery,Digestive System,CPT
44150,Digestive system procedure 44150,Surgery,Digestive System,CPT
44175,Digestive system procedure 44175,Surgery,Digestive System,CPT
44200,Digestive system procedure 44200,Surgery,Digestive System,CPT
44225,Digestive system procedure 44225,Surgery,Digestive System,CPT
44250,Digestive system procedure 44250,Surgery,Digestive System,CPT
44275,Digestive system procedure 44275,Surgery,Digestive System,CPT
44300,Digestive system procedure 44300,Surgery,Digestive System,CPT
44325,Digestive system procedure 44325,Surgery,Digestive System,CPT
44350,Digestive system procedure 44350,Surgery,Digestive System,CPT
44375,Digestive system procedure 44375,Surgery,Digestive System,CPT
44400,Digestive system procedure 44400,Surgery,Digestive System,CPT
44425,Digestive system procedure 44425,Surgery,Digestive System,CPT
44450,Digestive system procedure 44450,Surgery,Digestive System,CPT
44475,Digestive system procedure 44475,Surgery,Digestive System,CPT
44500,Digestive system procedure 44500,Surgery,Digestive System,CPT
4451F,Performance measure 4451F,Category II - Performance Measures,Quality Measurement,CPT
44525,Digestive system procedure 44525,Surgery,Digestive System,CPT
44550,Digestive system procedure 44550,Surgery,Digestive System,CPT
44575,Digestive system procedure 44575,Surgery,Digestive System,CPT
44600,Digestive system procedure 44600,Surgery,Digestive System,CPT
44625,Digestive system procedure 44625,Surgery,Digestive System,CPT
44650,Digestive system procedure 44650,Surgery,Digestive System,CPT
44675,Digestive system procedure 44675,Surgery,Digestive System,CPT
44700,Digestive system procedure 44700,Surgery,Digestive System,CPT
44725,Digestive system procedure 44725,Surgery,Digestive System,CPT
44750,Digestive system procedure 44750,Surgery,Digestive System,CPT
44775,Digestive system procedure 44775,Surgery,Digestive System,CPT
44800,Digestive system procedure 44800,Surgery,Digestive System,CPT
44825,Digestive system procedure 44825,Surgery,Digestive System,CPT
44850,Digestive system procedure 44850,Surgery,Digestive System,CPT
44875,Digestive system procedure 44875,Surgery,Digestive System,CPT
44900,Digestive system procedure 44900,Surgery,Digestive System,CPT
44925,Digestive system procedure 44925,Surgery,Digestive System,CPT
44950,Digestive system procedure 44950,Surgery,Digestive System,CPT
44975,Digestive system procedure 44975,Surgery,Digestive System,CPT
45000,Digestive system procedure 45000,Surgery,Digestive System,CPT
4501F,Performance measure 4501F,Category II - Performance Measures,Quality Measurement,CPT
45025,Digestive system procedure 45025,Surgery,Digestive System,CPT
45050,Digestive system procedure 45050,Surgery,Digestive System,CPT
45075,Digestive system procedure 45075,Surgery,Digestive System,CPT
45100,Digestive system procedure 45100,Surgery,Digestive System,CPT
45125,Digestive system procedure 45125,Surgery,Digestive System,CPT
45150,Digestive system procedure 45150,Surgery,Digestive System,CPT
45175,Digestive system procedure 45175,Surgery,Digestive System,CPT
45200,Digestive system procedure 45200,Surgery,Digestive System,CPT
45225,Digestive system procedure 45225,Surgery,Digestive System,CPT
45250,Digestive system procedure 45250,Surgery,Digestive System,CPT
45275,Digestive system procedure 45275,Surgery,Digestive System,CPT
45300,Digestive system procedure 45300,Surgery,Digestive System,CPT
45325,Digestive system procedure 45325,Surgery,Digestive System,CPT
45350,Digestive system procedure 45350,Surgery,Digestive System,CPT
45375,Digestive system procedure 45375,Surgery,Digestive System,CPT
45400,Digestive system procedure 45400,Surgery,Digestive System,CPT
45425,Digestive system procedure 45425,Surgery,Digestive System,CPT
45450,Digestive system procedure 45450,Surgery,Digestive System,CPT
45475,Digestive system procedure 45475,Surgery,Digestive System,CPT
45500,Digestive system procedure 45500,Surgery,Digestive System,CPT
4551F,Performance measure 4551F,Category II - Performance Measures,Quality Measurement,CPT
45525,Digestive system procedure 45525,Surgery,Digestive System,CPT
45550,Digestive system procedure 45550,Surgery,Digestive System,CPT
45575,Digestive system procedure 45575,Surgery,Digestive System,CPT
45600,Digestive system procedure 45600,Surgery,Digestive System,CPT
45625,Digestive system procedure 45625,Surgery,Digestive System,CPT
45650,Digestive system procedure 45650,Surgery,Digestive System,CPT
45675,Digestive system procedure 45675,Surgery,Digestive System,CPT
45700,Digestive system procedure 45700,Surgery,Digestive System,CPT
45725,Digestive system procedure 45725,Surgery,Digestive System,CPT
45750,Digestive system procedure 45750,Surgery,Digestive System,CPT
45775,Digestive system procedure 45775,Surgery,Digestive System,CPT
45800,Digestive system procedure 45800,Surgery,Digestive System,CPT
45825,Digestive system procedure 45825,Surgery,Digestive System,CPT
45850,Digestive system procedure 45850,Surgery,Digestive System,CPT
45875,Digestive system procedure 45875,Surgery,Digestive System,CPT
45900,Digestive system procedure 45900,Surgery,Digestive System,CPT
45925,Digestive system procedure 45925,Surgery,Digestive System,CPT
45950,Digestive system procedure 45950,Surgery,Digestive System,CPT
45975,Digestive system procedure 45975,Surgery,Digestive System,CPT
46000,Digestive system procedure 46000,Surgery,Digestive System,CPT
4601F,Performance measure 4601F,Category II - Performance Measures,Quality Measurement,CPT
46025,Digestive system procedure 46025,Surgery,Digestive System,CPT
46050,Digestive system procedure 46050,Surgery,Digestive System,CPT
46075,Digestive system procedure 46075,Surgery,Digestive System,CPT
46100,Digestive system procedure 46100,Surgery,Digestive System,CPT
46125,Digestive system procedure 46125,Surgery,Digestive System,CPT
46150,Digestive system procedure 46150,Surgery,Digestive System,CPT
46175,Digestive system procedure 46175,Surgery,Digestive System,CPT
46200,Digestive system procedure 46200,Surgery,Digestive System,CPT
46225,Digestive system procedure 46225,Surgery,Digestive System,CPT
46250,Digestive system procedure 46250,Surgery,Digestive System,CPT
46275,Digestive system procedure 46275,Surgery,Digestive System,CPT
46300,Digestive system procedure 46300,Surgery,Digestive System,CPT
46325,Digestive system procedure 46325,Surgery,Digestive System,CPT
46350,Digestive system procedure 46350,Surgery,Digestive System,CPT
46375,Digestive system procedure 46375,Surgery,Digestive System,CPT
46400,Digestive system procedure 46400,Surgery,Digestive System,CPT
46425,Digestive system procedure 46425,Surgery,Digestive System,CPT
46450,Digestive system procedure 46450,Surgery,Digestive System,CPT
46475,Digestive system procedure 46475,Surgery,Digestive System,CPT
46500,Digestive system procedure 46500,Surgery,Digestive System,CPT
4651F,Performance measure 4651F,Category II - Performance Measures,Quality Measurement,CPT
46525,Digestive system procedure 46525,Surgery,Digestive System,CPT
46550,Digestive system procedure 46550,Surgery,Digestive System,CPT
46575,Digestive system procedure 46575,Surgery,Digestive System,CPT
46600,Digestive system procedure 46600,Surgery,Digestive System,CPT
46625,Digestive system procedure 46625,Surgery,Digestive System,CPT
46650,Digestive system procedure 46650,Surgery,Digestive System,CPT
46675,Digestive system procedure 46675,Surgery,Digestive System,CPT
46700,Digestive system procedure 46700,Surgery,Digestive System,CPT
46725,Digestive system procedure 46725,Surgery,Digestive System,CPT
46750,Digestive system procedure 46750,Surgery,Digestive System,CPT
46775,Digestive system procedure 46775,Surgery,Digestive System,CPT
46800,Digestive system procedure 46800,Surgery,Digestive System,CPT
46825,Digestive system procedure 46825,Surgery,Digestive System,CPT
46850,Digestive system procedure 46850,Surgery,Digestive System,CPT
46875,Digestive system procedure 46875,Surgery,Digestive System,CPT
46900,Digestive system procedure 46900,Surgery,Digestive System,CPT
46925,Digestive system procedure 46925,Surgery,Digestive System,CPT
46950,Digestive system procedure 46950,Surgery,Digestive System,CPT
46975,Digestive system procedure 46975,Surgery,Digestive System,CPT
47000,Digestive system procedure 47000,Surgery,Digestive System,CPT
4701F,Performance measure 4701F,Category II - Performance Measures,Quality Measurement,CPT
47025,Digestive system procedure 47025,Surgery,Digestive System,CPT
47050,Digestive system procedure 47050,Surgery,Digestive System,CPT
47075,Digestive system procedure 47075,Surgery,Digestive System,CPT
47100,Digestive system procedure 47100,Surgery,Digestive System,CPT
47125,Digestive system procedure 47125,Surgery,Digestive System,CPT
47150,Digestive system procedure 47150,Surgery,Digestive System,CPT
47175,Digestive system procedure 47175,Surgery,Digestive System,CPT
47200,Digestive system procedure 47200,Surgery,Digestive System,CPT
47225,Digestive system procedure 47225,Surgery,Digestive System,CPT
47250,Digestive system procedure 47250,Surgery,Digestive System,CPT
47275,Digestive system procedure 47275,Surgery,Digestive System,CPT
47300,Digestive system procedure 47300,Surgery,Digestive System,CPT
47325,Digestive system procedure 47325,Surgery,Digestive System,CPT
47350,Digestive system procedure 47350,Surgery,Digestive System,CPT
47375,Digestive system procedure 47375,Surgery,Digestive System,CPT
47400,Digestive system procedure 47400,Surgery,Digestive System,CPT
47425,Digestive system procedure 47425,Surgery,Digestive System,CPT
47450,Digestive system procedure 47450,Surgery,Digestive System,CPT
47475,Digestive system procedure 47475,Surgery,Digestive System,CPT
47500,Digestive system procedure 47500,Surgery,Digestive System,CPT
4751F,Performance measure 4751F,Category II - Performance Measures,Quality Measurement,CPT
47525,Digestive system procedure 47525,Surgery,Digestive System,CPT
47550,Digestive system procedure 47550,Surgery,Digestive System,CPT
47575,Digestive system procedure 47575,Surgery,Digestive System,CPT
47600,Digestive system procedure 47600,Surgery,Digestive System,CPT
47625,Digestive system procedure 47625,Surgery,Digestive System,CPT
47650,Digestive system procedure 47650,Surgery,Digestive System,CPT
47675,Digestive system procedure 47675,Surgery,Digestive System,CPT
47700,Digestive system procedure 47700,Surgery,Digestive System,CPT
47725,Digestive system procedure 47725,Surgery,Digestive System,CPT
47750,Digestive system procedure 47750,Surgery,Digestive System,CPT
47775,Digestive system procedure 47775,Surgery,Digestive System,CPT
47800,Digestive system procedure 47800,Surgery,Digestive System,CPT
47825,Digestive system procedure 47825,Surgery,Digestive System,CPT
47850,Digestive system procedure 47850,Surgery,Digestive System,CPT
47875,Digestive system procedure 47875,Surgery,Digestive System,CPT
47900,Digestive system procedure 47900,Surgery,Digestive System,CPT
47925,Digestive system procedure 47925,Surgery,Digestive System,CPT
47950,Digestive system procedure 47950,Surgery,Digestive System,CPT
47975,Digestive system procedure 47975,Surgery,Digestive System,CPT
48000,Digestive system procedure 48000,Surgery,Digestive System,CPT
4801F,Performance measure 4801F,Category II - Performance Measures,Quality Measurement,CPT
48025,Digestive system procedure 48025,Surgery,Digestive System,CPT
48050,Digestive system procedure 48050,Surgery,Digestive System,CPT
48075,Digestive system procedure 48075,Surgery,Digestive System,CPT
48100,Digestive system procedure 48100,Surgery,Digestive System,CPT
48125,Digestive system procedure 48125,Surgery,Digestive System,CPT
48150,Digestive system procedure 48150,Surgery,Digestive System,CPT
48175,Digestive system procedure 48175,Surgery,Digestive System,CPT
48200,Digestive system procedure 48200,Surgery,Digestive System,CPT
48225,Digestive system procedure 48225,Surgery,Digestive System,CPT
48250,Digestive system procedure 48250,Surgery,Digestive System,CPT
48275,Digestive system procedure 48275,Surgery,Digestive System,CPT
48300,Digestive system procedure 48300,Surgery,Digestive System,CPT
48325,Digestive system procedure 48325,Surgery,Digestive System,CPT
48350,Digestive system procedure 48350,Surgery,Digestive System,CPT
48375,Digestive system procedure 48375,Surgery,Digestive System,CPT
48400,Digestive system procedure 48400,Surgery,Digestive System,CPT
48425,Digestive system procedure 48425,Surgery,Digestive System,CPT
48450,Digestive system procedure 48450,Surgery,Digestive System,CPT
48475,Digestive system procedure 48475,Surgery,Digestive System,CPT
48500,Digestive system procedure 48500,Surgery,Digestive System,CPT
4851F,Performance measure 4851F,Category II - Performance Measures,Quality Measurement,CPT
48525,Digestive system procedure 48525,Surgery,Digestive System,CPT
48550,Digestive system procedure 48550,Surgery,Digestive System,CPT
48575,Digestive system procedure 48575,Surgery,Digestive System,CPT
48600,Digestive system procedure 48600,Surgery,Digestive System,CPT
48625,Digestive system procedure 48625,Surgery,Digestive System,CPT
48650,Digestive system procedure 48650,Surgery,Digestive System,CPT
48675,Digestive system procedure 48675,Surgery,Digestive System,CPT
48700,Digestive system procedure 48700,Surgery,Digestive System,CPT
48725,Digestive system procedure 48725,Surgery,Digestive System,CPT
48750,Digestive system procedure 48750,Surgery,Digestive System,CPT
48775,Digestive system procedure 48775,Surgery,Digestive System,CPT
48800,Digestive system procedure 48800,Surgery,Digestive System,CPT
48825,Digestive system procedure 48825,Surgery,Digestive System,CPT
48850,Digestive system procedure 48850,Surgery,Digestive System,CPT
48875,Digestive system procedure 48875,Surgery,Digestive System,CPT
48900,Digestive system procedure 48900,Surgery,Digestive System,CPT
48925,Digestive system procedure 48925,Surgery,Digestive System,CPT
48950,Digestive system procedure 48950,Surgery,Digestive System,CPT
48975,Digestive system procedure 48975,Surgery,Digestive System,CPT
49000,Digestive system procedure 49000,Surgery,Digestive System,CPT
4901F,Performance measure 4901F,Category II - Performance Measures,Quality Measurement,CPT
49025,Digestive system procedure 49025,Surgery,Digestive System,CPT
49050,Digestive system procedure 49050,Surgery,Digestive System,CPT
49075,Digestive system procedure 49075,Surgery,Digestive System,CPT
49100,Digestive system procedure 49100,Surgery,Digestive System,CPT
49125,Digestive system procedure 49125,Surgery,Digestive System,CPT
49150,Digestive system procedure 49150,Surgery,Digestive System,CPT
49175,Digestive system procedure 49175,Surgery,Digestive System,CPT
49200,Digestive system procedure 49200,Surgery,Digestive System,CPT
49225,Digestive system procedure 49225,Surgery,Digestive System,CPT
49250,Digestive system procedure 49250,Surgery,Digestive System,CPT
49275,Digestive system procedure 49275,Surgery,Digestive System,CPT
49300,Digestive system procedure 49300,Surgery,Digestive System,CPT
49325,Digestive system procedure 49325,Surgery,Digestive System,CPT
49350,Digestive system procedure 49350,Surgery,Digestive System,CPT
49375,Digestive system procedure 49375,Surgery,Digestive System,CPT
49400,Digestive system procedure 49400,Surgery,Digestive System,CPT
49425,Digestive system procedure 49425,Surgery,Digestive System,CPT
49450,Digestive system procedure 49450,Surgery,Digestive System,CPT
49475,Digestive system procedure 49475,Surgery,Digestive System,CPT
49500,Digestive system procedure 49500,Surgery,Digestive System,CPT
4951F,Performance measure 4951F,Category II - Performance Measures,Quality Measurement,CPT
49525,Digestive system procedure 49525,Surgery,Digestive System,CPT
49550,Digestive system procedure 49550,Surgery,Digestive System,CPT
49575,Digestive system procedure 49575,Surgery,Digestive System,CPT
49600,Digestive system procedure 49600,Surgery,Digestive System,CPT
49625,Digestive system procedure 49625,Surgery,Digestive System,CPT
49650,Digestive system procedure 49650,Surgery,Digestive System,CPT
49675,Digestive system procedure 49675,Surgery,Digestive System,CPT
49700,Digestive system procedure 49700,Surgery,Digestive System,CPT
49725,Digestive system procedure 49725,Surgery,Digestive System,CPT
49750,Digestive system procedure 49750,Surgery,Digestive System,CPT
49775,Digestive system procedure 49775,Surgery,Digestive System,CPT
49800,Digestive system procedure 49800,Surgery,Digestive System,CPT
49825,Digestive system procedure 49825,Surgery,Digestive System,CPT
49850,Digestive system procedure 49850,Surgery,Digestive System,CPT
49875,Digestive system procedure 49875,Surgery,Digestive System,CPT
49900,Digestive system procedure 49900,Surgery,Digestive System,CPT
49925,Digestive system procedure 49925,Surgery,Digestive System,CPT
49950,Digestive system procedure 49950,Surgery,Digestive System,CPT
49975,Digestive system procedure 49975,Surgery,Digestive System,CPT
50000,Urinary system procedure 50000,Surgery,Urinary System,CPT
5001F,Performance measure 5001F,Category II - Performance Measures,Quality Measurement,CPT
50025,Urinary system procedure 50025,Surgery,Urinary System,CPT
50050,Urinary system procedure 50050,Surgery,Urinary System,CPT
50075,Urinary system procedure 50075,Surgery,Urinary System,CPT
50100,Urinary system procedure 50100,Surgery,Urinary System,CPT
50125,Urinary system procedure 50125,Surgery,Urinary System,CPT
50150,Urinary system procedure 50150,Surgery,Urinary System,CPT
50175,Urinary system procedure 50175,Surgery,Urinary System,CPT
50200,Urinary system procedure 50200,Surgery,Urinary System,CPT
50225,Urinary system procedure 50225,Surgery,Urinary System,CPT
50250,Urinary system procedure 50250,Surgery,Urinary System,CPT
50275,Urinary system procedure 50275,Surgery,Urinary System,CPT
50300,Urinary system procedure 50300,Surgery,Urinary System,CPT
50325,Urinary system procedure 50325,Surgery,Urinary System,CPT
50350,Urinary system procedure 50350,Surgery,Urinary System,CPT
50375,Urinary system procedure 50375,Surgery,Urinary System,CPT
50400,Urinary system procedure 50400,Surgery,Urinary System,CPT
50425,Urinary system procedure 50425,Surgery,Urinary System,CPT
50450,Urinary system procedure 50450,Surgery,Urinary System,CPT
50475,Urinary system procedure 50475,Surgery,Urinary System,CPT
50500,Urinary system procedure 50500,Surgery,Urinary System,CPT
5051F,Performance measure 5051F,Category II - Performance Measures,Quality Measurement,CPT
50525,Urinary system procedure 50525,Surgery,Urinary System,CPT
50550,Urinary system procedure 50550,Surgery,Urinary System,CPT
50575,Urinary system procedure 50575,Surgery,Urinary System,CPT
50600,Urinary system procedure 50600,Surgery,Urinary System,CPT
50625,Urinary system procedure 50625,Surgery,Urinary System,CPT
50650,Urinary system procedure 50650,Surgery,Urinary System,CPT
50675,Urinary system procedure 50675,Surgery,Urinary System,CPT
50700,Urinary system procedure 50700,Surgery,Urinary System,CPT
50725,Urinary system procedure 50725,Surgery,Urinary System,CPT
50750,Urinary system procedure 50750,Surgery,Urinary System,CPT
50775,Urinary system procedure 50775,Surgery,Urinary System,CPT
50800,Urinary system procedure 50800,Surgery,Urinary System,CPT
50825,Urinary system procedure 50825,Surgery,Urinary System,CPT
50850,Urinary system procedure 50850,Surgery,Urinary System,CPT
50875,Urinary system procedure 50875,Surgery,Urinary System,CPT
50900,Urinary system procedure 50900,Surgery,Urinary System,CPT
50925,Urinary system procedure 50925,Surgery,Urinary System,CPT
50950,Urinary system procedure 50950,Surgery,Urinary System,CPT
50975,Urinary system procedure 50975,Surgery,Urinary System,CPT
51000,Urinary system procedure 51000,Surgery,Urinary System,CPT
5101F,Performance measure 5101F,Category II - Performance Measures,Quality Measurement,CPT
51025,Urinary system procedure 51025,Surgery,Urinary System,CPT
51050,Urinary system procedure 51050,Surgery,Urinary System,CPT
51075,Urinary system procedure 51075,Surgery,Urinary System,CPT
51100,Urinary system procedure 51100,Surgery,Urinary System,CPT
51125,Urinary system procedure 51125,Surgery,Urinary System,CPT
51150,Urinary system procedure 51150,Surgery,Urinary System,CPT
51175,Urinary system procedure 51175,Surgery,Urinary System,CPT
51200,Urinary system procedure 51200,Surgery,Urinary System,CPT
51225,Urinary system procedure 51225,Surgery,Urinary System,CPT
51250,Urinary system procedure 51250,Surgery,Urinary System,CPT
51275,Urinary system procedure 51275,Surgery,Urinary System,CPT
51300,Urinary system procedure 51300,Surgery,Urinary System,CPT
51325,Urinary system procedure 51325,Surgery,Urinary System,CPT
51350,Urinary system procedure 51350,Surgery,Urinary System,CPT
51375,Urinary system procedure 51375,Surgery,Urinary System,CPT
51400,Urinary system procedure 51400,Surgery,Urinary System,CPT
51425,Urinary system procedure 51425,Surgery,Urinary System,CPT
51450,Urinary system procedure 51450,Surgery,Urinary System,CPT
51475,Urinary system procedure 51475,Surgery,Urinary System,CPT
51500,Urinary system procedure 51500,Surgery,Urinary System,CPT
5151F,Performance measure 5151F,Category II - Performance Measures,Quality Measurement,CPT
51525,Urinary system procedure 51525,Surgery,Urinary System,CPT
51550,Urinary system procedure 51550,Surgery,Urinary System,CPT
51575,Urinary system procedure 51575,Surgery,Urinary System,CPT
51600,Urinary system procedure 51600,Surgery,Urinary System,CPT
51625,Urinary system procedure 51625,Surgery,Urinary System,CPT
51650,Urinary system procedure 51650,Surgery,Urinary System,CPT
51675,Urinary system procedure 51675,Surgery,Urinary System,CPT
51700,Urinary system procedure 51700,Surgery,Urinary System,CPT
51725,Urinary system procedure 51725,Surgery,Urinary System,CPT
51750,Urinary system procedure 51750,Surgery,Urinary System,CPT
51775,Urinary system procedure 51775,Surgery,Urinary System,CPT
51800,Urinary system procedure 51800,Surgery,Urinary System,CPT
51825,Urinary system procedure 51825,Surgery,Urinary System,CPT
51850,Urinary system procedure 51850,Surgery,Urinary System,CPT
51875,Urinary system procedure 51875,Surgery,Urinary System,CPT
51900,Urinary system procedure 51900,Surgery,Urinary System,CPT
51925,Urinary system procedure 51925,Surgery,Urinary System,CPT
51950,Urinary system procedure 51950,Surgery,Urinary System,CPT
51975,Urinary system procedure 51975,Surgery,Urinary System,CPT
52000,Urinary system procedure 52000,Surgery,Urinary System,CPT
5201F,Performance measure 5201F,Category II - Performance Measures,Quality Measurement,CPT
52025,Urinary system procedure 52025,Surgery,Urinary System,CPT
52050,Urinary system procedure 52050,Surgery,Urinary System,CPT
52075,Urinary system procedure 52075,Surgery,Urinary System,CPT
52100,Urinary system procedure 52100,Surgery,Urinary System,CPT
52125,Urinary system procedure 52125,Surgery,Urinary System,CPT
52150,Urinary system procedure 52150,Surgery,Urinary System,CPT
52175,Urinary system procedure 52175,Surgery,Urinary System,CPT
52200,Urinary system procedure 52200,Surgery,Urinary System,CPT
52225,Urinary system procedure 52225,Surgery,Urinary System,CPT
52250,Urinary system procedure 52250,Surgery,Urinary System,CPT
52275,Urinary system procedure 52275,Surgery,Urinary System,CPT
52300,Urinary system procedure 52300,Surgery,Urinary System,CPT
52325,Urinary system procedure 52325,Surgery,Urinary System,CPT
52350,Urinary system procedure 52350,Surgery,Urinary System,CPT
52375,Urinary system procedure 52375,Surgery,Urinary System,CPT
52400,Urinary system procedure 52400,Surgery,Urinary System,CPT
52425,Urinary system procedure 52425,Surgery,Urinary System,CPT
52450,Urinary system procedure 52450,Surgery,Urinary System,CPT
52475,Urinary system procedure 52475,Surgery,Urinary System,CPT
52500,Urinary system procedure 52500,Surgery,Urinary System,CPT
5251F,Performance measure 5251F,Category II - Performance Measures,Quality Measurement,CPT
52525,Urinary system procedure 52525,Surgery,Urinary System,CPT
52550,Urinary system procedure 52550,Surgery,Urinary System,CPT
52575,Urinary system procedure 52575,Surgery,Urinary System,CPT
52600,Urinary system procedure 52600,Surgery,Urinary System,CPT
52625,Urinary system procedure 52625,Surgery,Urinary System,CPT
52650,Urinary system procedure 52650,Surgery,Urinary System,CPT
52675,Urinary system procedure 52675,Surgery,Urinary System,CPT
52700,Urinary system procedure 52700,Surgery,Urinary System,CPT
52725,Urinary system procedure 52725,Surgery,Urinary System,CPT
52750,Urinary system procedure 52750,Surgery,Urinary System,CPT
52775,Urinary system procedure 52775,Surgery,Urinary System,CPT
52800,Urinary system procedure 52800,Surgery,Urinary System,CPT
52825,Urinary system procedure 52825,Surgery,Urinary System,CPT
52850,Urinary system procedure 52850,Surgery,Urinary System,CPT
52875,Urinary system procedure 52875,Surgery,Urinary System,CPT
52900,Urinary system procedure 52900,Surgery,Urinary System,CPT
52925,Urinary system procedure 52925,Surgery,Urinary System,CPT
52950,Urinary system procedure 52950,Surgery,Urinary System,CPT
52975,Urinary system procedure 52975,Surgery,Urinary System,CPT
53000,Urinary system procedure 53000,Surgery,Urinary System,CPT
5301F,Performance measure 5301F,Category II - Performance Measures,Quality Measurement,CPT
53025,Urinary system procedure 53025,Surgery,Urinary System,CPT
53050,Urinary system procedure 53050,Surgery,Urinary System,CPT
53075,Urinary system procedure 53075,Surgery,Urinary System,CPT
53100,Urinary system procedure 53100,Surgery,Urinary System,CPT
53125,Urinary system procedure 53125,Surgery,Urinary System,CPT
53150,Urinary system procedure 53150,Surgery,Urinary System,CPT
53175,Urinary system procedure 53175,Surgery,Urinary System,CPT
53200,Urinary system procedure 53200,Surgery,Urinary System,CPT
53225,Urinary system procedure 53225,Surgery,Urinary System,CPT
53250,Urinary system procedure 53250,Surgery,Urinary System,CPT
53275,Urinary system procedure 53275,Surgery,Urinary System,CPT
53300,Urinary system procedure 53300,Surgery,Urinary System,CPT
53325,Urinary system procedure 53325,Surgery,Urinary System,CPT
53350,Urinary system procedure 53350,Surgery,Urinary System,CPT
53375,Urinary system procedure 53375,Surgery,Urinary System,CPT
53400,Urinary system procedure 53400,Surgery,Urinary System,CPT
53425,Urinary system procedure 53425,Surgery,Urinary System,CPT
53450,Urinary system procedure 53450,Surgery,Urinary System,CPT
53475,Urinary system procedure 53475,Surgery,Urinary System,CPT
53500,Urinary system procedure 53500,Surgery,Urinary System,CPT
5351F,Performance measure 5351F,Category II - Performance Measures,Quality Measurement,CPT
53525,Urinary system procedure 53525,Surgery,Urinary System,CPT
53550,Urinary system procedure 53550,Surgery,Urinary System,CPT
53575,Urinary system procedure 53575,Surgery,Urinary System,CPT
53600,Urinary system procedure 53600,Surgery,Urinary System,CPT
53625,Urinary system procedure 53625,Surgery,Urinary System,CPT
53650,Urinary system procedure 53650,Surgery,Urinary System,CPT
53675,Urinary system procedure 53675,Surgery,Urinary System,CPT
53700,Urinary system procedure 53700,Surgery,Urinary System,CPT
53725,Urinary system procedure 53725,Surgery,Urinary System,CPT
53750,Urinary system procedure 53750,Surgery,Urinary System,CPT
53775,Urinary system procedure 53775,Surgery,Urinary System,CPT
53800,Urinary system procedure 53800,Surgery,Urinary System,CPT
53825,Urinary system procedure 53825,Surgery,Urinary System,CPT
53850,Urinary system procedure 53850,Surgery,Urinary System,CPT
53875,Urinary system procedure 53875,Surgery,Urinary System,CPT
5401F,Performance measure 5401F,Category II - Performance Measures,Quality Measurement,CPT
5451F,Performance measure 5451F,Category II - Performance Measures,Quality Measurement,CPT
5501F,Performance measure 5501F,Category II - Performance Measures,Quality Measurement,CPT
5551F,Performance measure 5551F,Category II - Performance Measures,Quality Measurement,CPT
5601F,Performance measure 5601F,Category II - Performance Measures,Quality Measurement,CPT
5651F,Performance measure 5651F,Category II - Performance Measures,Quality Measurement,CPT
5701F,Performance measure 5701F,Category II - Performance Measures,Quality Measurement,CPT
5751F,Performance measure 5751F,Category II - Performance Measures,Quality Measurement,CPT
5801F,Performance measure 5801F,Category II - Performance Measures,Quality Measurement,CPT
5851F,Performance measure 5851F,Category II - Performance Measures,Quality Measurement,CPT
5901F,Performance measure 5901F,Category II - Performance Measures,Quality Measurement,CPT
5951F,Performance measure 5951F,Category II - Performance Measures,Quality Measurement,CPT
6001F,Performance measure 6001F,Category II - Performance Measures,Quality Measurement,CPT
6051F,Performance measure 6051F,Category II - Performance Measures,Quality Measurement,CPT
61000,Nervous system procedure 61000,Surgery,Nervous System,CPT
6101F,Performance measure 6101F,Category II - Performance Measures,Quality Measurement,CPT
61025,Nervous system procedure 61025,Surgery,Nervous System,CPT
61050,Nervous system procedure 61050,Surgery,Nervous System,CPT
61075,Nervous system procedure 61075,Surgery,Nervous System,CPT
61100,Nervous system procedure 61100,Surgery,Nervous System,CPT
61125,Nervous system procedure 61125,Surgery,Nervous System,CPT
61150,Nervous system procedure 61150,Surgery,Nervous System,CPT
61175,Nervous system procedure 61175,Surgery,Nervous System,CPT
61200,Nervous system procedure 61200,Surgery,Nervous System,CPT
61225,Nervous system procedure 61225,Surgery,Nervous System,CPT
61250,Nervous system procedure 61250,Surgery,Nervous System,CPT
61275,Nervous system procedure 61275,Surgery,Nervous System,CPT
61300,Nervous system procedure 61300,Surgery,Nervous System,CPT
61325,Nervous system procedure 61325,Surgery,Nervous System,CPT
61350,Nervous system procedure 61350,Surgery,Nervous System,CPT
61375,Nervous system procedure 61375,Surgery,Nervous System,CPT
61400,Nervous system procedure 61400,Surgery,Nervous System,CPT
61425,Nervous system procedure 61425,Surgery,Nervous System,CPT
61450,Nervous system procedure 61450,Surgery,Nervous System,CPT
61475,Nervous system procedure 61475,Surgery,Nervous System,CPT
61500,Nervous system procedure 61500,Surgery,Nervous System,CPT
6151F,Performance measure 6151F,Category II - Performance Measures,Quality Measurement,CPT
61525,Nervous system procedure 61525,Surgery,Nervous System,CPT
61550,Nervous system procedure 61550,Surgery,Nervous System,CPT
61575,Nervous system procedure 61575,Surgery,Nervous System,CPT
61600,Nervous system procedure 61600,Surgery,Nervous System,CPT
61625,Nervous system procedure 61625,Surgery,Nervous System,CPT
61650,Nervous system procedure 61650,Surgery,Nervous System,CPT
61675,Nervous system procedure 61675,Surgery,Nervous System,CPT
61700,Nervous system procedure 61700,Surgery,Nervous System,CPT
61725,Nervous system procedure 61725,Surgery,Nervous System,CPT
61750,Nervous system procedure 61750,Surgery,Nervous System,CPT
61775,Nervous system procedure 61775,Surgery,Nervous System,CPT
61800,Nervous system procedure 61800,Surgery,Nervous System,CPT
61825,Nervous system procedure 61825,Surgery,Nervous System,CPT
61850,Nervous system procedure 61850,Surgery,Nervous System,CPT
61875,Nervous system procedure 61875,Surgery,Nervous System,CPT
61900,Nervous system procedure 61900,Surgery,Nervous System,CPT
61925,Nervous system procedure 61925,Surgery,Nervous System,CPT
61950,Nervous system procedure 61950,Surgery,Nervous System,CPT
61975,Nervous system procedure 61975,Surgery,Nervous System,CPT
62000,Nervous system procedure 62000,Surgery,Nervous System,CPT
6201F,Performance measure 6201F,Category II - Performance Measures,Quality Measurement,CPT
62025,Nervous system procedure 62025,Surgery,Nervous System,CPT
62050,Nervous system procedure 62050,Surgery,Nervous System,CPT
62075,Nervous system procedure 62075,Surgery,Nervous System,CPT
62100,Nervous system procedure 62100,Surgery,Nervous System,CPT
62125,Nervous system procedure 62125,Surgery,Nervous System,CPT
62150,Nervous system procedure 62150,Surgery,Nervous System,CPT
62175,Nervous system procedure 62175,Surgery,Nervous System,CPT
62200,Nervous system procedure 62200,Surgery,Nervous System,CPT
62225,Nervous system procedure 62225,Surgery,Nervous System,CPT
62250,Nervous system procedure 62250,Surgery,Nervous System,CPT
62275,Nervous system procedure 62275,Surgery,Nervous System,CPT
62300,Nervous system procedure 62300,Surgery,Nervous System,CPT
62325,Nervous system procedure 62325,Surgery,Nervous System,CPT
62350,Nervous system procedure 62350,Surgery,Nervous System,CPT
62375,Nervous system procedure 62375,Surgery,Nervous System,CPT
62400,Nervous system procedure 62400,Surgery,Nervous System,CPT
62425,Nervous system procedure 62425,Surgery,Nervous System,CPT
62450,Nervous system procedure 62450,Surgery,Nervous System,CPT
62475,Nervous system procedure 62475,Surgery,Nervous System,CPT
62500,Nervous system procedure 62500,Surgery,Nervous System,CPT
6251F,Performance measure 6251F,Category II - Performance Measures,Quality Measurement,CPT
62525,Nervous system procedure 62525,Surgery,Nervous System,CPT
62550,Nervous system procedure 62550,Surgery,Nervous System,CPT
62575,Nervous system procedure 62575,Surgery,Nervous System,CPT
62600,Nervous system procedure 62600,Surgery,Nervous System,CPT
62625,Nervous system procedure 62625,Surgery,Nervous System,CPT
62650,Nervous system procedure 62650,Surgery,Nervous System,CPT
62675,Nervous system procedure 62675,Surgery,Nervous System,CPT
62700,Nervous system procedure 62700,Surgery,Nervous System,CPT
62725,Nervous system procedure 62725,Surgery,Nervous System,CPT
62750,Nervous system procedure 62750,Surgery,Nervous System,CPT
62775,Nervous system procedure 62775,Surgery,Nervous System,CPT
62800,Nervous system procedure 62800,Surgery,Nervous System,CPT
62825,Nervous system procedure 62825,Surgery,Nervous System,CPT
62850,Nervous system procedure 62850,Surgery,Nervous System,CPT
62875,Nervous system procedure 62875,Surgery,Nervous System,CPT
62900,Nervous system procedure 62900,Surgery,Nervous System,CPT
62925,Nervous system procedure 62925,Surgery,Nervous System,CPT
62950,Nervous system procedure 62950,Surgery,Nervous System,CPT
62975,Nervous system procedure 62975,Surgery,Nervous System,CPT
63000,Nervous system procedure 63000,Surgery,Nervous System,CPT
6301F,Performance measure 6301F,Category II - Performance Measures,Quality Measurement,CPT
63025,Nervous system procedure 63025,Surgery,Nervous System,CPT
63050,Nervous system procedure 63050,Surgery,Nervous System,CPT
63075,Nervous system procedure 63075,Surgery,Nervous System,CPT
63100,Nervous system procedure 63100,Surgery,Nervous System,CPT
63125,Nervous system procedure 63125,Surgery,Nervous System,CPT
63150,Nervous system procedure 63150,Surgery,Nervous System,CPT
63175,Nervous system procedure 63175,Surgery,Nervous System,CPT
63200,Nervous system procedure 63200,Surgery,Nervous System,CPT
63225,Nervous system procedure 63225,Surgery,Nervous System,CPT
63250,Nervous system procedure 63250,Surgery,Nervous System,CPT
63275,Nervous system procedure 63275,Surgery,Nervous System,CPT
63300,Nervous system procedure 63300,Surgery,Nervous System,CPT
63325,Nervous system procedure 63325,Surgery,Nervous System,CPT
63350,Nervous system procedure 63350,Surgery,Nervous System,CPT
63375,Nervous system procedure 63375,Surgery,Nervous System,CPT
63400,Nervous system procedure 63400,Surgery,Nervous System,CPT
63425,Nervous system procedure 63425,Surgery,Nervous System,CPT
63450,Nervous system procedure 63450,Surgery,Nervous System,CPT
63475,Nervous system procedure 63475,Surgery,Nervous System,CPT
63500,Nervous system procedure 63500,Surgery,Nervous System,CPT
6351F,Performance measure 6351F,Category II - Performance Measures,Quality Measurement,CPT
63525,Nervous system procedure 63525,Surgery,Nervous System,CPT
63550,Nervous system procedure 63550,Surgery,Nervous System,CPT
63575,Nervous system procedure 63575,Surgery,Nervous System,CPT
63600,Nervous system procedure 63600,Surgery,Nervous System,CPT
63625,Nervous system procedure 63625,Surgery,Nervous System,CPT
63650,Nervous system procedure 63650,Surgery,Nervous System,CPT
63675,Nervous system procedure 63675,Surgery,Nervous System,CPT
63700,Nervous system procedure 63700,Surgery,Nervous System,CPT
63725,Nervous system procedure 63725,Surgery,Nervous System,CPT
63750,Nervous system procedure 63750,Surgery,Nervous System,CPT
63775,Nervous system procedure 63775,Surgery,Nervous System,CPT
63800,Nervous system procedure 63800,Surgery,Nervous System,CPT
63825,Nervous system procedure 63825,Surgery,Nervous System,CPT
63850,Nervous system procedure 63850,Surgery,Nervous System,CPT
63875,Nervous system procedure 63875,Surgery,Nervous System,CPT
63900,Nervous system procedure 63900,Surgery,Nervous System,CPT
63925,Nervous system procedure 63925,Surgery,Nervous System,CPT
63950,Nervous system procedure 63950,Surgery,Nervous System,CPT
63975,Nervous system procedure 63975,Surgery,Nervous System,CPT
64000,Nervous system procedure 64000,Surgery,Nervous System,CPT
6401F,Performance measure 6401F,Category II - Performance Measures,Quality Measurement,CPT
64025,Nervous system procedure 64025,Surgery,Nervous System,CPT
64050,Nervous system procedure 64050,Surgery,Nervous System,CPT
64075,Nervous system procedure 64075,Surgery,Nervous System,CPT
64100,Nervous system procedure 64100,Surgery,Nervous System,CPT
64125,Nervous system procedure 64125,Surgery,Nervous System,CPT
64150,Nervous system procedure 64150,Surgery,Nervous System,CPT
64175,Nervous system procedure 64175,Surgery,Nervous System,CPT
64200,Nervous system procedure 64200,Surgery,Nervous System,CPT
64225,Nervous system procedure 64225,Surgery,Nervous System,CPT
64250,Nervous system procedure 64250,Surgery,Nervous System,CPT
64275,Nervous system procedure 64275,Surgery,Nervous System,CPT
64300,Nervous system procedure 64300,Surgery,Nervous System,CPT
64325,Nervous system procedure 64325,Surgery,Nervous System,CPT
64350,Nervous system procedure 64350,Surgery,Nervous System,CPT
64375,Nervous system procedure 64375,Surgery,Nervous System,CPT
64400,Nervous system procedure 64400,Surgery,Nervous System,CPT
64425,Nervous system procedure 64425,Surgery,Nervous System,CPT
64450,Nervous system procedure 64450,Surgery,Nervous System,CPT
64475,Nervous system procedure 64475,Surgery,Nervous System,CPT
64500,Nervous system procedure 64500,Surgery,Nervous System,CPT
6451F,Performance measure 6451F,Category II - Performance Measures,Quality Measurement,CPT
64525,Nervous system procedure 64525,Surgery,Nervous System,CPT
64550,Nervous system procedure 64550,Surgery,Nervous System,CPT
64575,Nervous system procedure 64575,Surgery,Nervous System,CPT
64600,Nervous system procedure 64600,Surgery,Nervous System,CPT
64625,Nervous system procedure 64625,Surgery,Nervous System,CPT
64650,Nervous system procedure 64650,Surgery,Nervous System,CPT
64675,Nervous system procedure 64675,Surgery,Nervous System,CPT
64700,Nervous system procedure 64700,Surgery,Nervous System,CPT
64725,Nervous system procedure 64725,Surgery,Nervous System,CPT
64750,Nervous system procedure 64750,Surgery,Nervous System,CPT
64775,Nervous system procedure 64775,Surgery,Nervous System,CPT
64800,Nervous system procedure 64800,Surgery,Nervous System,CPT
64825,Nervous system procedure 64825,Surgery,Nervous System,CPT
64850,Nervous system procedure 64850,Surgery,Nervous System,CPT
64875,Nervous system procedure 64875,Surgery,Nervous System,CPT
64900,Nervous system procedure 64900,Surgery,Nervous System,CPT
64925,Nervous system procedure 64925,Surgery,Nervous System,CPT
64950,Nervous system procedure 64950,Surgery,Nervous System,CPT
64975,Nervous system procedure 64975,Surgery,Nervous System,CPT
6501F,Performance measure 6501F,Category II - Performance Measures,Quality Measurement,CPT
65091,Eye and ocular procedure 65091,Surgery,Eye and Ocular Adnexa,CPT
65116,Eye and ocular procedure 65116,Surgery,Eye and Ocular Adnexa,CPT
65141,Eye and ocular procedure 65141,Surgery,Eye and Ocular Adnexa,CPT
65166,Eye and ocular procedure 65166,Surgery,Eye and Ocular Adnexa,CPT
65191,Eye and ocular procedure 65191,Surgery,Eye and Ocular Adnexa,CPT
65216,Eye and ocular procedure 65216,Surgery,Eye and Ocular Adnexa,CPT
65241,Eye and ocular procedure 65241,Surgery,Eye and Ocular Adnexa,CPT
65266,Eye and ocular procedure 65266,Surgery,Eye and Ocular Adnexa,CPT
65291,Eye and ocular procedure 65291,Surgery,Eye and Ocular Adnexa,CPT
65316,Eye and ocular procedure 65316,Surgery,Eye and Ocular Adnexa,CPT
65341,Eye and ocular procedure 65341,Surgery,Eye and Ocular Adnexa,CPT
65366,Eye and ocular procedure 65366,Surgery,Eye and Ocular Adnexa,CPT
65391,Eye and ocular procedure 65391,Surgery,Eye and Ocular Adnexa,CPT
65416,Eye and ocular procedure 65416,Surgery,Eye and Ocular Adnexa,CPT
65441,Eye and ocular procedure 65441,Surgery,Eye and Ocular Adnexa,CPT
65466,Eye and ocular procedure 65466,Surgery,Eye and Ocular Adnexa,CPT
65491,Eye and ocular procedure 65491,Surgery,Eye and Ocular Adnexa,CPT
65516,Eye and ocular procedure 65516,Surgery,Eye and Ocular Adnexa,CPT
6551F,Performance measure 6551F,Category II - Performance Measures,Quality Measurement,CPT
65541,Eye and ocular procedure 65541,Surgery,Eye and Ocular Adnexa,CPT
65566,Eye and ocular procedure 65566,Surgery,Eye and Ocular Adnexa,CPT
65591,Eye and ocular procedure 65591,Surgery,Eye and Ocular Adnexa,CPT
65616,Eye and ocular procedure 65616,Surgery,Eye and Ocular Adnexa,CPT
65641,Eye and ocular procedure 65641,Surgery,Eye and Ocular Adnexa,CPT
65666,Eye and ocular procedure 65666,Surgery,Eye and Ocular Adnexa,CPT
65691,Eye and ocular procedure 65691,Surgery,Eye and Ocular Adnexa,CPT
65716,Eye and ocular procedure 65716,Surgery,Eye and Ocular Adnexa,CPT
65741,Eye and ocular procedure 65741,Surgery,Eye and Ocular Adnexa,CPT
65766,Eye and ocular procedure 65766,Surgery,Eye and Ocular Adnexa,CPT
65791,Eye and ocular procedure 65791,Surgery,Eye and Ocular Adnexa,CPT
65816,Eye and ocular procedure 65816,Surgery,Eye and Ocular Adnexa,CPT
65841,Eye and ocular procedure 65841,Surgery,Eye and Ocular Adnexa,CPT
65866,Eye and ocular procedure 65866,Surgery,Eye and Ocular Adnexa,CPT
65891,Eye and ocular procedure 65891,Surgery,Eye and Ocular Adnexa,CPT
65916,Eye and ocular procedure 65916,Surgery,Eye and Ocular Adnexa,CPT
65941,Eye and ocular procedure 65941,Surgery,Eye and Ocular Adnexa,CPT
65966,Eye and ocular procedure 65966,Surgery,Eye and Ocular Adnexa,CPT
65991,Eye and ocular procedure 65991,Surgery,Eye and Ocular Adnexa,CPT
66016,Eye and ocular procedure 66016,Surgery,Eye and Ocular Adnexa,CPT
6601F,Performance measure 6601F,Category II - Performance Measures,Quality Measurement,CPT
66041,Eye and ocular procedure 66041,Surgery,Eye and Ocular Adnexa,CPT
66066,Eye and ocular procedure 66066,Surgery,Eye and Ocular Adnexa,CPT
66091,Eye and ocular procedure 66091,Surgery,Eye and Ocular Adnexa,CPT
66116,Eye and ocular procedure 66116,Surgery,Eye and Ocular Adnexa,CPT
66141,Eye and ocular procedure 66141,Surgery,Eye and Ocular Adnexa,CPT
66166,Eye and ocular procedure 66166,Surgery,Eye and Ocular Adnexa,CPT
66191,Eye and ocular procedure 66191,Surgery,Eye and Ocular Adnexa,CPT
66216,Eye and ocular procedure 66216,Surgery,Eye and Ocular Adnexa,CPT
66241,Eye and ocular procedure 66241,Surgery,Eye and Ocular Adnexa,CPT
66266,Eye and ocular procedure 66266,Surgery,Eye and Ocular Adnexa,CPT
66291,Eye and ocular procedure 66291,Surgery,Eye and Ocular Adnexa,CPT
66316,Eye and ocular procedure 66316,Surgery,Eye and Ocular Adnexa,CPT
66341,Eye and ocular procedure 66341,Surgery,Eye and Ocular Adnexa,CPT
66366,Eye and ocular procedure 66366,Surgery,Eye and Ocular Adnexa,CPT
66391,Eye and ocular procedure 66391,Surgery,Eye and Ocular Adnexa,CPT
66416,Eye and ocular procedure 66416,Surgery,Eye and Ocular Adnexa,CPT
66441,Eye and ocular procedure 66441,Surgery,Eye and Ocular Adnexa,CPT
66466,Eye and ocular procedure 66466,Surgery,Eye and Ocular Adnexa,CPT
66491,Eye and ocular procedure 66491,Surgery,Eye and Ocular Adnexa,CPT
66516,Eye and ocular procedure 66516,Surgery,Eye and Ocular Adnexa,CPT
6651F,Performance measure 6651F,Category II - Performance Measures,Quality Measurement,CPT
66541,Eye and ocular procedure 66541,Surgery,Eye and Ocular Adnexa,CPT
66566,Eye and ocular procedure 66566,Surgery,Eye and Ocular Adnexa,CPT
66591,Eye and ocular procedure 66591,Surgery,Eye and Ocular Adnexa,CPT
66616,Eye and ocular procedure 66616,Surgery,Eye and Ocular Adnexa,CPT
66641,Eye and ocular procedure 66641,Surgery,Eye and Ocular Adnexa,CPT
66666,Eye and ocular procedure 66666,Surgery,Eye and Ocular Adnexa,CPT
66691,Eye and ocular procedure 66691,Surgery,Eye and Ocular Adnexa,CPT
66716,Eye and ocular procedure 66716,Surgery,Eye and Ocular Adnexa,CPT
66741,Eye and ocular procedure 66741,Surgery,Eye and Ocular Adnexa,CPT
66766,Eye and ocular procedure 66766,Surgery,Eye and Ocular Adnexa,CPT
66791,Eye and ocular procedure 66791,Surgery,Eye and Ocular Adnexa,CPT
66816,Eye and ocular procedure 66816,Surgery,Eye and Ocular Adnexa,CPT
66841,Eye and ocular procedure 66841,Surgery,Eye and Ocular Adnexa,CPT
66866,Eye and ocular procedure 66866,Surgery,Eye and Ocular Adnexa,CPT
66891,Eye and ocular procedure 66891,Surgery,Eye and Ocular Adnexa,CPT
66916,Eye and ocular procedure 66916,Surgery,Eye and Ocular Adnexa,CPT
66941,Eye and ocular procedure 66941,Surgery,Eye and Ocular Adnexa,CPT
66966,Eye and ocular procedure 66966,Surgery,Eye and Ocular Adnexa,CPT
66991,Eye and ocular procedure 66991,Surgery,Eye and Ocular Adnexa,CPT
67016,Eye and ocular procedure 67016,Surgery,Eye and Ocular Adnexa,CPT
6701F,Performance measure 6701F,Category II - Performance Measures,Quality Measurement,CPT
67041,Eye and ocular procedure 67041,Surgery,Eye and Ocular Adnexa,CPT
67066,Eye and ocular procedure 67066,Surgery,Eye and Ocular Adnexa,CPT
67091,Eye and ocular procedure 67091,Surgery,Eye and Ocular Adnexa,CPT
67116,Eye and ocular procedure 67116,Surgery,Eye and Ocular Adnexa,CPT
67141,Eye and ocular procedure 67141,Surgery,Eye and Ocular Adnexa,CPT
67166,Eye and ocular procedure 67166,Surgery,Eye and Ocular Adnexa,CPT
67191,Eye and ocular procedure 67191,Surgery,Eye and Ocular Adnexa,CPT
67216,Eye and ocular procedure 67216,Surgery,Eye and Ocular Adnexa,CPT
67241,Eye and ocular procedure 67241,Surgery,Eye and Ocular Adnexa,CPT
67266,Eye and ocular procedure 67266,Surgery,Eye and Ocular Adnexa,CPT
67291,Eye and ocular procedure 67291,Surgery,Eye and Ocular Adnexa,CPT
67316,Eye and ocular procedure 67316,Surgery,Eye and Ocular Adnexa,CPT
67341,Eye and ocular procedure 67341,Surgery,Eye and Ocular Adnexa,CPT
67366,Eye and ocular procedure 67366,Surgery,Eye and Ocular Adnexa,CPT
67391,Eye and ocular procedure 67391,Surgery,Eye and Ocular Adnexa,CPT
67416,Eye and ocular procedure 67416,Surgery,Eye and Ocular Adnexa,CPT
67441,Eye and ocular procedure 67441,Surgery,Eye and Ocular Adnexa,CPT
67466,Eye and ocular procedure 67466,Surgery,Eye and Ocular Adnexa,CPT
67491,Eye and ocular procedure 67491,Surgery,Eye and Ocular Adnexa,CPT
67516,Eye and ocular procedure 67516,Surgery,Eye and Ocular Adnexa,CPT
6751F,Performance measure 6751F,Category II - Performance Measures,Quality Measurement,CPT
67541,Eye and ocular procedure 67541,Surgery,Eye and Ocular Adnexa,CPT
67566,Eye and ocular procedure 67566,Surgery,Eye and Ocular Adnexa,CPT
67591,Eye and ocular procedure 67591,Surgery,Eye and Ocular Adnexa,CPT
67616,Eye and ocular procedure 67616,Surgery,Eye and Ocular Adnexa,CPT
67641,Eye and ocular procedure 67641,Surgery,Eye and Ocular Adnexa,CPT
67666,Eye and ocular procedure 67666,Surgery,Eye and Ocular Adnexa,CPT
67691,Eye and ocular procedure 67691,Surgery,Eye and Ocular Adnexa,CPT
67716,Eye and ocular procedure 67716,Surgery,Eye and Ocular Adnexa,CPT
67741,Eye and ocular procedure 67741,Surgery,Eye and Ocular Adnexa,CPT
67766,Eye and ocular procedure 67766,Surgery,Eye and Ocular Adnexa,CPT
67791,Eye and ocular procedure 67791,Surgery,Eye and Ocular Adnexa,CPT
67816,Eye and ocular procedure 67816,Surgery,Eye and Ocular Adnexa,CPT
67841,Eye and ocular procedure 67841,Surgery,Eye and Ocular Adnexa,CPT
67866,Eye and ocular procedure 67866,Surgery,Eye and Ocular Adnexa,CPT
67891,Eye and ocular procedure 67891,Surgery,Eye and Ocular Adnexa,CPT
67916,Eye and ocular procedure 67916,Surgery,Eye and Ocular Adnexa,CPT
67941,Eye and ocular procedure 67941,Surgery,Eye and Ocular Adnexa,CPT
67966,Eye and ocular procedure 67966,Surgery,Eye and Ocular Adnexa,CPT
67991,Eye and ocular procedure 67991,Surgery,Eye and Ocular Adnexa,CPT
68016,Eye and ocular procedure 68016,Surgery,Eye and Ocular Adnexa,CPT
6801F,Performance measure 6801F,Category II - Performance Measures,Quality Measurement,CPT
68041,Eye and ocular procedure 68041,Surgery,Eye and Ocular Adnexa,CPT
68066,Eye and ocular procedure 68066,Surgery,Eye and Ocular Adnexa,CPT
68091,Eye and ocular procedure 68091,Surgery,Eye and Ocular Adnexa,CPT
68116,Eye and ocular procedure 68116,Surgery,Eye and Ocular Adnexa,CPT
68141,Eye and ocular procedure 68141,Surgery,Eye and Ocular Adnexa,CPT
68166,Eye and ocular procedure 68166,Surgery,Eye and Ocular Adnexa,CPT
68191,Eye and ocular procedure 68191,Surgery,Eye and Ocular Adnexa,CPT
68216,Eye and ocular procedure 68216,Surgery,Eye and Ocular Adnexa,CPT
68241,Eye and ocular procedure 68241,Surgery,Eye and Ocular Adnexa,CPT
68266,Eye and ocular procedure 68266,Surgery,Eye and Ocular Adnexa,CPT
68291,Eye and ocular procedure 68291,Surgery,Eye and Ocular Adnexa,CPT
68316,Eye and ocular procedure 68316,Surgery,Eye and Ocular Adnexa,CPT
68341,Eye and ocular procedure 68341,Surgery,Eye and Ocular Adnexa,CPT
68366,Eye and ocular procedure 68366,Surgery,Eye and Ocular Adnexa,CPT
68391,Eye and ocular procedure 68391,Surgery,Eye and Ocular Adnexa,CPT
68416,Eye and ocular procedure 68416,Surgery,Eye and Ocular Adnexa,CPT
68441,Eye and ocular procedure 68441,Surgery,Eye and Ocular Adnexa,CPT
68466,Eye and ocular procedure 68466,Surgery,Eye and Ocular Adnexa,CPT
68491,Eye and ocular procedure 68491,Surgery,Eye and Ocular Adnexa,CPT
68516,Eye and ocular procedure 68516,Surgery,Eye and Ocular Adnexa,CPT
6851F,Performance measure 6851F,Category II - Performance Measures,Quality Measurement,CPT
68541,Eye and ocular procedure 68541,Surgery,Eye and Ocular Adnexa,CPT
68566,Eye and ocular procedure 68566,Surgery,Eye and Ocular Adnexa,CPT
68591,Eye and ocular procedure 68591,Surgery,Eye and Ocular Adnexa,CPT
68616,Eye and ocular procedure 68616,Surgery,Eye and Ocular Adnexa,CPT
68641,Eye and ocular procedure 68641,Surgery,Eye and Ocular Adnexa,CPT
68666,Eye and ocular procedure 68666,Surgery,Eye and Ocular Adnexa,CPT
68691,Eye and ocular procedure 68691,Surgery,Eye and Ocular Adnexa,CPT
68716,Eye and ocular procedure 68716,Surgery,Eye and Ocular Adnexa,CPT
68741,Eye and ocular procedure 68741,Surgery,Eye and Ocular Adnexa,CPT
68766,Eye and ocular procedure 68766,Surgery,Eye and Ocular Adnexa,CPT
68791,Eye and ocular procedure 68791,Surgery,Eye and Ocular Adnexa,CPT
68816,Eye and ocular procedure 68816,Surgery,Eye and Ocular Adnexa,CPT
68841,Eye and ocular procedure 68841,Surgery,Eye and Ocular Adnexa,CPT
68866,Eye and ocular procedure 68866,Surgery,Eye and Ocular Adnexa,CPT
68891,Eye and ocular procedure 68891,Surgery,Eye and Ocular Adnexa,CPT
6901F,Performance measure 6901F,Category II - Performance Measures,Quality Measurement,CPT
6951F,Performance measure 6951F,Category II - Performance Measures,Quality Measurement,CPT
70000,Diagnostic radiology procedure 70000,Radiology,Diagnostic Radiology,CPT
7001F,Performance measure 7001F,Category II - Performance Measures,Quality Measurement,CPT
70025,Diagnostic radiology procedure 70025,Radiology,Diagnostic Radiology,CPT
70050,Diagnostic radiology procedure 70050,Radiology,Diagnostic Radiology,CPT
70075,Diagnostic radiology procedure 70075,Radiology,Diagnostic Radiology,CPT
70100,Diagnostic radiology procedure 70100,Radiology,Diagnostic Radiology,CPT
70125,Diagnostic radiology procedure 70125,Radiology,Diagnostic Radiology,CPT
70150,Diagnostic radiology procedure 70150,Radiology,Diagnostic Radiology,CPT
70175,Diagnostic radiology procedure 70175,Radiology,Diagnostic Radiology,CPT
70200,Diagnostic radiology procedure 70200,Radiology,Diagnostic Radiology,CPT
70225,Diagnostic radiology procedure 70225,Radiology,Diagnostic Radiology,CPT
70250,Diagnostic radiology procedure 70250,Radiology,Diagnostic Radiology,CPT
70275,Diagnostic radiology procedure 70275,Radiology,Diagnostic Radiology,CPT
70300,Diagnostic radiology procedure 70300,Radiology,Diagnostic Radiology,CPT
70325,Diagnostic radiology procedure 70325,Radiology,Diagnostic Radiology,CPT
70350,Diagnostic radiology procedure 70350,Radiology,Diagnostic Radiology,CPT
70375,Diagnostic radiology procedure 70375,Radiology,Diagnostic Radiology,CPT
70400,Diagnostic radiology procedure 70400,Radiology,Diagnostic Radiology,CPT
70425,Diagnostic radiology procedure 70425,Radiology,Diagnostic Radiology,CPT
70450,Diagnostic radiology procedure 70450,Radiology,Diagnostic Radiology,CPT
70475,Diagnostic radiology procedure 70475,Radiology,Diagnostic Radiology,CPT
70500,Diagnostic radiology procedure 70500,Radiology,Diagnostic Radiology,CPT
7051F,Performance measure 7051F,Category II - Performance Measures,Quality Measurement,CPT
70525,Diagnostic radiology procedure 70525,Radiology,Diagnostic Radiology,CPT
70550,Diagnostic radiology procedure 70550,Radiology,Diagnostic Radiology,CPT
70575,Diagnostic radiology procedure 70575,Radiology,Diagnostic Radiology,CPT
70600,Diagnostic radiology procedure 70600,Radiology,Diagnostic Radiology,CPT
70625,Diagnostic radiology procedure 70625,Radiology,Diagnostic Radiology,CPT
70650,Diagnostic radiology procedure 70650,Radiology,Diagnostic Radiology,CPT
70675,Diagnostic radiology procedure 70675,Radiology,Diagnostic Radiology,CPT
70700,Diagnostic radiology procedure 70700,Radiology,Diagnostic Radiology,CPT
70725,Diagnostic radiology procedure 70725,Radiology,Diagnostic Radiology,CPT
70750,Diagnostic radiology procedure 70750,Radiology,Diagnostic Radiology,CPT
70775,Diagnostic radiology procedure 70775,Radiology,Diagnostic Radiology,CPT
70800,Diagnostic radiology procedure 70800,Radiology,Diagnostic Radiology,CPT
70825,Diagnostic radiology procedure 70825,Radiology,Diagnostic Radiology,CPT
70850,Diagnostic radiology procedure 70850,Radiology,Diagnostic Radiology,CPT
70875,Diagnostic radiology procedure 70875,Radiology,Diagnostic Radiology,CPT
70900,Diagnostic radiology procedure 70900,Radiology,Diagnostic Radiology,CPT
70925,Diagnostic radiology procedure 70925,Radiology,Diagnostic Radiology,CPT
70950,Diagnostic radiology procedure 70950,Radiology,Diagnostic Radiology,CPT
70975,Diagnostic radiology procedure 70975,Radiology,Diagnostic Radiology,CPT
71000,Diagnostic radiology procedure 71000,Radiology,Diagnostic Radiology,CPT
7101F,Performance measure 7101F,Category II - Performance Measures,Quality Measurement,CPT
71025,Diagnostic radiology procedure 71025,Radiology,Diagnostic Radiology,CPT
71050,Diagnostic radiology procedure 71050,Radiology,Diagnostic Radiology,CPT
71075,Diagnostic radiology procedure 71075,Radiology,Diagnostic Radiology,CPT
71100,Diagnostic radiology procedure 71100,Radiology,Diagnostic Radiology,CPT
71125,Diagnostic radiology procedure 71125,Radiology,Diagnostic Radiology,CPT
71150,Diagnostic radiology procedure 71150,Radiology,Diagnostic Radiology,CPT
71175,Diagnostic radiology procedure 71175,Radiology,Diagnostic Radiology,CPT
71200,Diagnostic radiology procedure 71200,Radiology,Diagnostic Radiology,CPT
71225,Diagnostic radiology procedure 71225,Radiology,Diagnostic Radiology,CPT
71250,Diagnostic radiology procedure 71250,Radiology,Diagnostic Radiology,CPT
71275,Diagnostic radiology procedure 71275,Radiology,Diagnostic Radiology,CPT
71300,Diagnostic radiology procedure 71300,Radiology,Diagnostic Radiology,CPT
71325,Diagnostic radiology procedure 71325,Radiology,Diagnostic Radiology,CPT
71350,Diagnostic radiology procedure 71350,Radiology,Diagnostic Radiology,CPT
71375,Diagnostic radiology procedure 71375,Radiology,Diagnostic Radiology,CPT
71400,Diagnostic radiology procedure 71400,Radiology,Diagnostic Radiology,CPT
71425,Diagnostic radiology procedure 71425,Radiology,Diagnostic Radiology,CPT
71450,Diagnostic radiology procedure 71450,Radiology,Diagnostic Radiology,CPT
71475,Diagnostic radiology procedure 71475,Radiology,Diagnostic Radiology,CPT
71500,Diagnostic radiology procedure 71500,Radiology,Diagnostic Radiology,CPT
7151F,Performance measure 7151F,Category II - Performance Measures,Quality Measurement,CPT
71525,Diagnostic radiology procedure 71525,Radiology,Diagnostic Radiology,CPT
71550,Diagnostic radiology procedure 71550,Radiology,Diagnostic Radiology,CPT
71575,Diagnostic radiology procedure 71575,Radiology,Diagnostic Radiology,CPT
71600,Diagnostic radiology procedure 71600,Radiology,Diagnostic Radiology,CPT
71625,Diagnostic radiology procedure 71625,Radiology,Diagnostic Radiology,CPT
71650,Diagnostic radiology procedure 71650,Radiology,Diagnostic Radiology,CPT
71675,Diagnostic radiology procedure 71675,Radiology,Diagnostic Radiology,CPT
71700,Diagnostic radiology procedure 71700,Radiology,Diagnostic Radiology,CPT
71725,Diagnostic radiology procedure 71725,Radiology,Diagnostic Radiology,CPT
71750,Diagnostic radiology procedure 71750,Radiology,Diagnostic Radiology,CPT
71775,Diagnostic radiology procedure 71775,Radiology,Diagnostic Radiology,CPT
71800,Diagnostic radiology procedure 71800,Radiology,Diagnostic Radiology,CPT
71825,Diagnostic radiology procedure 71825,Radiology,Diagnostic Radiology,CPT
71850,Diagnostic radiology procedure 71850,Radiology,Diagnostic Radiology,CPT
71875,Diagnostic radiology procedure 71875,Radiology,Diagnostic Radiology,CPT
71900,Diagnostic radiology procedure 71900,Radiology,Diagnostic Radiology,CPT
71925,Diagnostic radiology procedure 71925,Radiology,Diagnostic Radiology,CPT
71950,Diagnostic radiology procedure 71950,Radiology,Diagnostic Radiology,CPT
71975,Diagnostic radiology procedure 71975,Radiology,Diagnostic Radiology,CPT
72000,Diagnostic radiology procedure 72000,Radiology,Diagnostic Radiology,CPT
7201F,Performance measure 7201F,Category II - Performance Measures,Quality Measurement,CPT
72025,Diagnostic radiology procedure 72025,Radiology,Diagnostic Radiology,CPT
72050,Diagnostic radiology procedure 72050,Radiology,Diagnostic Radiology,CPT
72075,Diagnostic radiology procedure 72075,Radiology,Diagnostic Radiology,CPT
72100,Diagnostic radiology procedure 72100,Radiology,Diagnostic Radiology,CPT
72125,Diagnostic radiology procedure 72125,Radiology,Diagnostic Radiology,CPT
72150,Diagnostic radiology procedure 72150,Radiology,Diagnostic Radiology,CPT
72175,Diagnostic radiology procedure 72175,Radiology,Diagnostic Radiology,CPT
72200,Diagnostic radiology procedure 72200,Radiology,Diagnostic Radiology,CPT
72225,Diagnostic radiology procedure 72225,Radiology,Diagnostic Radiology,CPT
72250,Diagnostic radiology procedure 72250,Radiology,Diagnostic Radiology,CPT
72275,Diagnostic radiology procedure 72275,Radiology,Diagnostic Radiology,CPT
72300,Diagnostic radiology procedure 72300,Radiology,Diagnostic Radiology,CPT
72325,Diagnostic radiology procedure 72325,Radiology,Diagnostic Radiology,CPT
72350,Diagnostic radiology procedure 72350,Radiology,Diagnostic Radiology,CPT
72375,Diagnostic radiology procedure 72375,Radiology,Diagnostic Radiology,CPT
72400,Diagnostic radiology procedure 72400,Radiology,Diagnostic Radiology,CPT
72425,Diagnostic radiology procedure 72425,Radiology,Diagnostic Radiology,CPT
72450,Diagnostic radiology procedure 72450,Radiology,Diagnostic Radiology,CPT
72475,Diagnostic radiology procedure 72475,Radiology,Diagnostic Radiology,CPT
72500,Diagnostic radiology procedure 72500,Radiology,Diagnostic Radiology,CPT
7251F,Performance measure 7251F,Category II - Performance Measures,Quality Measurement,CPT
72525,Diagnostic radiology procedure 72525,Radiology,Diagnostic Radiology,CPT
72550,Diagnostic radiology procedure 72550,Radiology,Diagnostic Radiology,CPT
72575,Diagnostic radiology procedure 72575,Radiology,Diagnostic Radiology,CPT
72600,Diagnostic radiology procedure 72600,Radiology,Diagnostic Radiology,CPT
72625,Diagnostic radiology procedure 72625,Radiology,Diagnostic Radiology,CPT
72650,Diagnostic radiology procedure 72650,Radiology,Diagnostic Radiology,CPT
72675,Diagnostic radiology procedure 72675,Radiology,Diagnostic Radiology,CPT
72700,Diagnostic radiology procedure 72700,Radiology,Diagnostic Radiology,CPT
72725,Diagnostic radiology procedure 72725,Radiology,Diagnostic Radiology,CPT
72750,Diagnostic radiology procedure 72750,Radiology,Diagnostic Radiology,CPT
72775,Diagnostic radiology procedure 72775,Radiology,Diagnostic Radiology,CPT
72800,Diagnostic radiology procedure 72800,Radiology,Diagnostic Radiology,CPT
72825,Diagnostic radiology procedure 72825,Radiology,Diagnostic Radiology,CPT
72850,Diagnostic radiology procedure 72850,Radiology,Diagnostic Radiology,CPT
72875,Diagnostic radiology procedure 72875,Radiology,Diagnostic Radiology,CPT
72900,Diagnostic radiology procedure 72900,Radiology,Diagnostic Radiology,CPT
72925,Diagnostic radiology procedure 72925,Radiology,Diagnostic Radiology,CPT
72950,Diagnostic radiology procedure 72950,Radiology,Diagnostic Radiology,CPT
72975,Diagnostic radiology procedure 72975,Radiology,Diagnostic Radiology,CPT
73000,Diagnostic radiology procedure 73000,Radiology,Diagnostic Radiology,CPT
7301F,Performance measure 7301F,Category II - Performance Measures,Quality Measurement,CPT
73025,Diagnostic radiology procedure 73025,Radiology,Diagnostic Radiology,CPT
73050,Diagnostic radiology procedure 73050,Radiology,Diagnostic Radiology,CPT
73075,Diagnostic radiology procedure 73075,Radiology,Diagnostic Radiology,CPT
73100,Diagnostic radiology procedure 73100,Radiology,Diagnostic Radiology,CPT
73125,Diagnostic radiology procedure 73125,Radiology,Diagnostic Radiology,CPT
73150,Diagnostic radiology procedure 73150,Radiology,Diagnostic Radiology,CPT
73175,Diagnostic radiology procedure 73175,Radiology,Diagnostic Radiology,CPT
73200,Diagnostic radiology procedure 73200,Radiology,Diagnostic Radiology,CPT
73225,Diagnostic radiology procedure 73225,Radiology,Diagnostic Radiology,CPT
73250,Diagnostic radiology procedure 73250,Radiology,Diagnostic Radiology,CPT
73275,Diagnostic radiology procedure 73275,Radiology,Diagnostic Radiology,CPT
73300,Diagnostic radiology procedure 73300,Radiology,Diagnostic Radiology,CPT
73325,Diagnostic radiology procedure 73325,Radiology,Diagnostic Radiology,CPT
73350,Diagnostic radiology procedure 73350,Radiology,Diagnostic Radiology,CPT
73375,Diagnostic radiology procedure 73375,Radiology,Diagnostic Radiology,CPT
73400,Diagnostic radiology procedure 73400,Radiology,Diagnostic Radiology,CPT
73425,Diagnostic radiology procedure 73425,Radiology,Diagnostic Radiology,CPT
73450,Diagnostic radiology procedure 73450,Radiology,Diagnostic Radiology,CPT
73475,Diagnostic radiology procedure 73475,Radiology,Diagnostic Radiology,CPT
73500,Diagnostic radiology procedure 73500,Radiology,Diagnostic Radiology,CPT
7351F,Performance measure 7351F,Category II - Performance Measures,Quality Measurement,CPT
73525,Diagnostic radiology procedure 73525,Radiology,Diagnostic Radiology,CPT
73550,Diagnostic radiology procedure 73550,Radiology,Diagnostic Radiology,CPT
73575,Diagnostic radiology procedure 73575,Radiology,Diagnostic Radiology,CPT
73600,Diagnostic radiology procedure 73600,Radiology,Diagnostic Radiology,CPT
73625,Diagnostic radiology procedure 73625,Radiology,Diagnostic Radiology,CPT
73650,Diagnostic radiology procedure 73650,Radiology,Diagnostic Radiology,CPT
73675,Diagnostic radiology procedure 73675,Radiology,Diagnostic Radiology,CPT
73700,Diagnostic radiology procedure 73700,Radiology,Diagnostic Radiology,CPT
73725,Diagnostic radiology procedure 73725,Radiology,Diagnostic Radiology,CPT
73750,Diagnostic radiology procedure 73750,Radiology,Diagnostic Radiology,CPT
73775,Diagnostic radiology procedure 73775,Radiology,Diagnostic Radiology,CPT
73800,Diagnostic radiology procedure 73800,Radiology,Diagnostic Radiology,CPT
73825,Diagnostic radiology procedure 73825,Radiology,Diagnostic Radiology,CPT
73850,Diagnostic radiology procedure 73850,Radiology,Diagnostic Radiology,CPT
73875,Diagnostic radiology procedure 73875,Radiology,Diagnostic Radiology,CPT
73900,Diagnostic radiology procedure 73900,Radiology,Diagnostic Radiology,CPT
73925,Diagnostic radiology procedure 73925,Radiology,Diagnostic Radiology,CPT
73950,Diagnostic radiology procedure 73950,Radiology,Diagnostic Radiology,CPT
73975,Diagnostic radiology procedure 73975,Radiology,Diagnostic Radiology,CPT
74000,Diagnostic radiology procedure 74000,Radiology,Diagnostic Radiology,CPT
7401F,Performance measure 7401F,Category II - Performance Measures,Quality Measurement,CPT
74025,Diagnostic radiology procedure 74025,Radiology,Diagnostic Radiology,CPT
74050,Diagnostic radiology procedure 74050,Radiology,Diagnostic Radiology,CPT
74075,Diagnostic radiology procedure 74075,Radiology,Diagnostic Radiology,CPT
74100,Diagnostic radiology procedure 74100,Radiology,Diagnostic Radiology,CPT
74125,Diagnostic radiology procedure 74125,Radiology,Diagnostic Radiology,CPT
74150,Diagnostic radiology procedure 74150,Radiology,Diagnostic Radiology,CPT
74175,Diagnostic radiology procedure 74175,Radiology,Diagnostic Radiology,CPT
74200,Diagnostic radiology procedure 74200,Radiology,Diagnostic Radiology,CPT
74225,Diagnostic radiology procedure 74225,Radiology,Diagnostic Radiology,CPT
74250,Diagnostic radiology procedure 74250,Radiology,Diagnostic Radiology,CPT
74275,Diagnostic radiology procedure 74275,Radiology,Diagnostic Radiology,CPT
74300,Diagnostic radiology procedure 74300,Radiology,Diagnostic Radiology,CPT
74325,Diagnostic radiology procedure 74325,Radiology,Diagnostic Radiology,CPT
74350,Diagnostic radiology procedure 74350,Radiology,Diagnostic Radiology,CPT
74375,Diagnostic radiology procedure 74375,Radiology,Diagnostic Radiology,CPT
74400,Diagnostic radiology procedure 74400,Radiology,Diagnostic Radiology,CPT
74425,Diagnostic radiology procedure 74425,Radiology,Diagnostic Radiology,CPT
74450,Diagnostic radiology procedure 74450,Radiology,Diagnostic Radiology,CPT
74475,Diagnostic radiology procedure 74475,Radiology,Diagnostic Radiology,CPT
74500,Diagnostic radiology procedure 74500,Radiology,Diagnostic Radiology,CPT
7451F,Performance measure 7451F,Category II - Performance Measures,Quality Measurement,CPT
74525,Diagnostic radiology procedure 74525,Radiology,Diagnostic Radiology,CPT
74550,Diagnostic radiology procedure 74550,Radiology,Diagnostic Radiology,CPT
74575,Diagnostic radiology procedure 74575,Radiology,Diagnostic Radiology,CPT
74600,Diagnostic radiology procedure 74600,Radiology,Diagnostic Radiology,CPT
74625,Diagnostic radiology procedure 74625,Radiology,Diagnostic Radiology,CPT
74650,Diagnostic radiology procedure 74650,Radiology,Diagnostic Radiology,CPT
74675,Diagnostic radiology procedure 74675,Radiology,Diagnostic Radiology,CPT
74700,Diagnostic radiology procedure 74700,Radiology,Diagnostic Radiology,CPT
74725,Diagnostic radiology procedure 74725,Radiology,Diagnostic Radiology,CPT
74750,Diagnostic radiology procedure 74750,Radiology,Diagnostic Radiology,CPT
74775,Diagnostic radiology procedure 74775,Radiology,Diagnostic Radiology,CPT
74800,Diagnostic radiology procedure 74800,Radiology,Diagnostic Radiology,CPT
74825,Diagnostic radiology procedure 74825,Radiology,Diagnostic Radiology,CPT
74850,Diagnostic radiology procedure 74850,Radiology,Diagnostic Radiology,CPT
74875,Diagnostic radiology procedure 74875,Radiology,Diagnostic Radiology,CPT
74900,Diagnostic radiology procedure 74900,Radiology,Diagnostic Radiology,CPT
74925,Diagnostic radiology procedure 74925,Radiology,Diagnostic Radiology,CPT
74950,Diagnostic radiology procedure 74950,Radiology,Diagnostic Radiology,CPT
74975,Diagnostic radiology procedure 74975,Radiology,Diagnostic Radiology,CPT
75000,Diagnostic radiology procedure 75000,Radiology,Diagnostic Radiology,CPT
7501F,Performance measure 7501F,Category II - Performance Measures,Quality Measurement,CPT
75025,Diagnostic radiology procedure 75025,Radiology,Diagnostic Radiology,CPT
75050,Diagnostic radiology procedure 75050,Radiology,Diagnostic Radiology,CPT
75075,Diagnostic radiology procedure 75075,Radiology,Diagnostic Radiology,CPT
75100,Diagnostic radiology procedure 75100,Radiology,Diagnostic Radiology,CPT
75125,Diagnostic radiology procedure 75125,Radiology,Diagnostic Radiology,CPT
75150,Diagnostic radiology procedure 75150,Radiology,Diagnostic Radiology,CPT
75175,Diagnostic radiology procedure 75175,Radiology,Diagnostic Radiology,CPT
75200,Diagnostic radiology procedure 75200,Radiology,Diagnostic Radiology,CPT
75225,Diagnostic radiology procedure 75225,Radiology,Diagnostic Radiology,CPT
75250,Diagnostic radiology procedure 75250,Radiology,Diagnostic Radiology,CPT
75275,Diagnostic radiology procedure 75275,Radiology,Diagnostic Radiology,CPT
75300,Diagnostic radiology procedure 75300,Radiology,Diagnostic Radiology,CPT
75325,Diagnostic radiology procedure 75325,Radiology,Diagnostic Radiology,CPT
75350,Diagnostic radiology procedure 75350,Radiology,Diagnostic Radiology,CPT
75375,Diagnostic radiology procedure 75375,Radiology,Diagnostic Radiology,CPT
75400,Diagnostic radiology procedure 75400,Radiology,Diagnostic Radiology,CPT
75425,Diagnostic radiology procedure 75425,Radiology,Diagnostic Radiology,CPT
75450,Diagnostic radiology procedure 75450,Radiology,Diagnostic Radiology,CPT
75475,Diagnostic radiology procedure 75475,Radiology,Diagnostic Radiology,CPT
75500,Diagnostic radiology procedure 75500,Radiology,Diagnostic Radiology,CPT
7551F,Performance measure 7551F,Category II - Performance Measures,Quality Measurement,CPT
75525,Diagnostic radiology procedure 75525,Radiology,Diagnostic Radiology,CPT
75550,Diagnostic radiology procedure 75550,Radiology,Diagnostic Radiology,CPT
75575,Diagnostic radiology procedure 75575,Radiology,Diagnostic Radiology,CPT
75600,Diagnostic radiology procedure 75600,Radiology,Diagnostic Radiology,CPT
75625,Diagnostic radiology procedure 75625,Radiology,Diagnostic Radiology,CPT
75650,Diagnostic radiology procedure 75650,Radiology,Diagnostic Radiology,CPT
75675,Diagnostic radiology procedure 75675,Radiology,Diagnostic Radiology,CPT
75700,Diagnostic radiology procedure 75700,Radiology,Diagnostic Radiology,CPT
75725,Diagnostic radiology procedure 75725,Radiology,Diagnostic Radiology,CPT
75750,Diagnostic radiology procedure 75750,Radiology,Diagnostic Radiology,CPT
75775,Diagnostic radiology procedure 75775,Radiology,Diagnostic Radiology,CPT
75800,Diagnostic radiology procedure 75800,Radiology,Diagnostic Radiology,CPT
75825,Diagnostic radiology procedure 75825,Radiology,Diagnostic Radiology,CPT
75850,Diagnostic radiology procedure 75850,Radiology,Diagnostic Radiology,CPT
75875,Diagnostic radiology procedure 75875,Radiology,Diagnostic Radiology,CPT
75900,Diagnostic radiology procedure 75900,Radiology,Diagnostic Radiology,CPT
75925,Diagnostic radiology procedure 75925,Radiology,Diagnostic Radiology,CPT
75950,Diagnostic radiology procedure 75950,Radiology,Diagnostic Radiology,CPT
75975,Diagnostic radiology procedure 75975,Radiology,Diagnostic Radiology,CPT
76000,Diagnostic radiology procedure 76000,Radiology,Diagnostic Radiology,CPT
7601F,Performance measure 7601F,Category II - Performance Measures,Quality Measurement,CPT
76025,Diagnostic radiology procedure 76025,Radiology,Diagnostic Radiology,CPT
76050,Diagnostic radiology procedure 76050,Radiology,Diagnostic Radiology,CPT
76075,Diagnostic radiology procedure 76075,Radiology,Diagnostic Radiology,CPT
76100,Diagnostic radiology procedure 76100,Radiology,Diagnostic Radiology,CPT
76125,Diagnostic radiology procedure 76125,Radiology,Diagnostic Radiology,CPT
76150,Diagnostic radiology procedure 76150,Radiology,Diagnostic Radiology,CPT
76175,Diagnostic radiology procedure 76175,Radiology,Diagnostic Radiology,CPT
76200,Diagnostic radiology procedure 76200,Radiology,Diagnostic Radiology,CPT
76225,Diagnostic radiology procedure 76225,Radiology,Diagnostic Radiology,CPT
76250,Diagnostic radiology procedure 76250,Radiology,Diagnostic Radiology,CPT
76275,Diagnostic radiology procedure 76275,Radiology,Diagnostic Radiology,CPT
76300,Diagnostic radiology procedure 76300,Radiology,Diagnostic Radiology,CPT
76325,Diagnostic radiology procedure 76325,Radiology,Diagnostic Radiology,CPT
76350,Diagnostic radiology procedure 76350,Radiology,Diagnostic Radiology,CPT
76375,Diagnostic radiology procedure 76375,Radiology,Diagnostic Radiology,CPT
76400,Diagnostic radiology procedure 76400,Radiology,Diagnostic Radiology,CPT
76425,Diagnostic radiology procedure 76425,Radiology,Diagnostic Radiology,CPT
76450,Diagnostic radiology procedure 76450,Radiology,Diagnostic Radiology,CPT
76475,Diagnostic radiology procedure 76475,Radiology,Diagnostic Radiology,CPT
76506,Diagnostic ultrasound 76506,Radiology,Diagnostic Ultrasound,CPT
7651F,Performance measure 7651F,Category II - Performance Measures,Quality Measurement,CPT
76526,Diagnostic ultrasound 76526,Radiology,Diagnostic Ultrasound,CPT
76546,Diagnostic ultrasound 76546,Radiology,Diagnostic Ultrasound,CPT
76566,Diagnostic ultrasound 76566,Radiology,Diagnostic Ultrasound,CPT
76586,Diagnostic ultrasound 76586,Radiology,Diagnostic Ultrasound,CPT
76606,Diagnostic ultrasound 76606,Radiology,Diagnostic Ultrasound,CPT
76626,Diagnostic ultrasound 76626,Radiology,Diagnostic Ultrasound,CPT
76646,Diagnostic ultrasound 76646,Radiology,Diagnostic Ultrasound,CPT
76666,Diagnostic ultrasound 76666,Radiology,Diagnostic Ultrasound,CPT
76686,Diagnostic ultrasound 76686,Radiology,Diagnostic Ultrasound,CPT
76706,Diagnostic ultrasound 76706,Radiology,Diagnostic Ultrasound,CPT
76726,Diagnostic ultrasound 76726,Radiology,Diagnostic Ultrasound,CPT
76746,Diagnostic ultrasound 76746,Radiology,Diagnostic Ultrasound,CPT
76766,Diagnostic ultrasound 76766,Radiology,Diagnostic Ultrasound,CPT
76786,Diagnostic ultrasound 76786,Radiology,Diagnostic Ultrasound,CPT
76806,Diagnostic ultrasound 76806,Radiology,Diagnostic Ultrasound,CPT
76826,Diagnostic ultrasound 76826,Radiology,Diagnostic Ultrasound,CPT
76846,Diagnostic ultrasound 76846,Radiology,Diagnostic Ultrasound,CPT
76866,Diagnostic ultrasound 76866,Radiology,Diagnostic Ultrasound,CPT
76886,Diagnostic ultrasound 76886,Radiology,Diagnostic Ultrasound,CPT
76906,Diagnostic ultrasound 76906,Radiology,Diagnostic Ultrasound,CPT
76926,Diagnostic ultrasound 76926,Radiology,Diagnostic Ultrasound,CPT
76946,Diagnostic ultrasound 76946,Radiology,Diagnostic Ultrasound,CPT
76966,Diagnostic ultrasound 76966,Radiology,Diagnostic Ultrasound,CPT
76986,Diagnostic ultrasound 76986,Radiology,Diagnostic Ultrasound,CPT
77000,Radiation oncology treatment 77000,Radiology,Radiation Oncology,CPT
7701F,Performance measure 7701F,Category II - Performance Measures,Quality Measurement,CPT
77020,Radiation oncology treatment 77020,Radiology,Radiation Oncology,CPT
77040,Radiation oncology treatment 77040,Radiology,Radiation Oncology,CPT
77060,Radiation oncology treatment 77060,Radiology,Radiation Oncology,CPT
77080,Radiation oncology treatment 77080,Radiology,Radiation Oncology,CPT
77100,Radiation oncology treatment 77100,Radiology,Radiation Oncology,CPT
77120,Radiation oncology treatment 77120,Radiology,Radiation Oncology,CPT
77140,Radiation oncology treatment 77140,Radiology,Radiation Oncology,CPT
77160,Radiation oncology treatment 77160,Radiology,Radiation Oncology,CPT
77180,Radiation oncology treatment 77180,Radiology,Radiation Oncology,CPT
77200,Radiation oncology treatment 77200,Radiology,Radiation Oncology,CPT
77220,Radiation oncology treatment 77220,Radiology,Radiation Oncology,CPT
77240,Radiation oncology treatment 77240,Radiology,Radiation Oncology,CPT
77260,Radiation oncology treatment 77260,Radiology,Radiation Oncology,CPT
77280,Radiation oncology treatment 77280,Radiology,Radiation Oncology,CPT
77300,Radiation oncology treatment 77300,Radiology,Radiation Oncology,CPT
77320,Radiation oncology treatment 77320,Radiology,Radiation Oncology,CPT
77340,Radiation oncology treatment 77340,Radiology,Radiation Oncology,CPT
77360,Radiation oncology treatment 77360,Radiology,Radiation Oncology,CPT
77380,Radiation oncology treatment 77380,Radiology,Radiation Oncology,CPT
77400,Radiation oncology treatment 77400,Radiology,Radiation Oncology,CPT
77420,Radiation oncology treatment 77420,Radiology,Radiation Oncology,CPT
77440,Radiation oncology treatment 77440,Radiology,Radiation Oncology,CPT
77460,Radiation oncology treatment 77460,Radiology,Radiation Oncology,CPT
77480,Radiation oncology treatment 77480,Radiology,Radiation Oncology,CPT
77500,Radiation oncology treatment 77500,Radiology,Radiation Oncology,CPT
7751F,Performance measure 7751F,Category II - Performance Measures,Quality Measurement,CPT
77520,Radiation oncology treatment 77520,Radiology,Radiation Oncology,CPT
77540,Radiation oncology treatment 77540,Radiology,Radiation Oncology,CPT
77560,Radiation oncology treatment 77560,Radiology,Radiation Oncology,CPT
77580,Radiation oncology treatment 77580,Radiology,Radiation Oncology,CPT
77600,Radiation oncology treatment 77600,Radiology,Radiation Oncology,CPT
77620,Radiation oncology treatment 77620,Radiology,Radiation Oncology,CPT
77640,Radiation oncology treatment 77640,Radiology,Radiation Oncology,CPT
77660,Radiation oncology treatment 77660,Radiology,Radiation Oncology,CPT
77680,Radiation oncology treatment 77680,Radiology,Radiation Oncology,CPT
77700,Radiation oncology treatment 77700,Radiology,Radiation Oncology,CPT
77720,Radiation oncology treatment 77720,Radiology,Radiation Oncology,CPT
77740,Radiation oncology treatment 77740,Radiology,Radiation Oncology,CPT
77760,Radiation oncology treatment 77760,Radiology,Radiation Oncology,CPT
77780,Radiation oncology treatment 77780,Radiology,Radiation Oncology,CPT
78000,Nuclear medicine procedure 78000,Radiology,Nuclear Medicine,CPT
7801F,Performance measure 7801F,Category II - Performance Measures,Quality Measurement,CPT
78025,Nuclear medicine procedure 78025,Radiology,Nuclear Medicine,CPT
78050,Nuclear medicine procedure 78050,Radiology,Nuclear Medicine,CPT
78075,Nuclear medicine procedure 78075,Radiology,Nuclear Medicine,CPT
78100,Nuclear medicine procedure 78100,Radiology,Nuclear Medicine,CPT
78125,Nuclear medicine procedure 78125,Radiology,Nuclear Medicine,CPT
78150,Nuclear medicine procedure 78150,Radiology,Nuclear Medicine,CPT
78175,Nuclear medicine procedure 78175,Radiology,Nuclear Medicine,CPT
78200,Nuclear medicine procedure 78200,Radiology,Nuclear Medicine,CPT
78225,Nuclear medicine procedure 78225,Radiology,Nuclear Medicine,CPT
78250,Nuclear medicine procedure 78250,Radiology,Nuclear Medicine,CPT
78275,Nuclear medicine procedure 78275,Radiology,Nuclear Medicine,CPT
78300,Nuclear medicine procedure 78300,Radiology,Nuclear Medicine,CPT
78325,Nuclear medicine procedure 78325,Radiology,Nuclear Medicine,CPT
78350,Nuclear medicine procedure 78350,Radiology,Nuclear Medicine,CPT
78375,Nuclear medicine procedure 78375,Radiology,Nuclear Medicine,CPT
78400,Nuclear medicine procedure 78400,Radiology,Nuclear Medicine,CPT
78425,Nuclear medicine procedure 78425,Radiology,Nuclear Medicine,CPT
78450,Nuclear medicine procedure 78450,Radiology,Nuclear Medicine,CPT
78475,Nuclear medicine procedure 78475,Radiology,Nuclear Medicine,CPT
78500,Nuclear medicine procedure 78500,Radiology,Nuclear Medicine,CPT
7851F,Performance measure 7851F,Category II - Performance Measures,Quality Measurement,CPT
78525,Nuclear medicine procedure 78525,Radiology,Nuclear Medicine,CPT
78550,Nuclear medicine procedure 78550,Radiology,Nuclear Medicine,CPT
78575,Nuclear medicine procedure 78575,Radiology,Nuclear Medicine,CPT
78600,Nuclear medicine procedure 78600,Radiology,Nuclear Medicine,CPT
78625,Nuclear medicine procedure 78625,Radiology,Nuclear Medicine,CPT
78650,Nuclear medicine procedure 78650,Radiology,Nuclear Medicine,CPT
78675,Nuclear medicine procedure 78675,Radiology,Nuclear Medicine,CPT
78700,Nuclear medicine procedure 78700,Radiology,Nuclear Medicine,CPT
78725,Nuclear medicine procedure 78725,Radiology,Nuclear Medicine,CPT
78750,Nuclear medicine procedure 78750,Radiology,Nuclear Medicine,CPT
78775,Nuclear medicine procedure 78775,Radiology,Nuclear Medicine,CPT
78800,Nuclear medicine procedure 78800,Radiology,Nuclear Medicine,CPT
78825,Nuclear medicine procedure 78825,Radiology,Nuclear Medicine,CPT
78850,Nuclear medicine procedure 78850,Radiology,Nuclear Medicine,CPT
78875,Nuclear medicine procedure 78875,Radiology,Nuclear Medicine,CPT
78900,Nuclear medicine procedure 78900,Radiology,Nuclear Medicine,CPT
78925,Nuclear medicine procedure 78925,Radiology,Nuclear Medicine,CPT
78950,Nuclear medicine procedure 78950,Radiology,Nuclear Medicine,CPT
78975,Nuclear medicine procedure 78975,Radiology,Nuclear Medicine,CPT
79000,Nuclear medicine procedure 79000,Radiology,Nuclear Medicine,CPT
7901F,Performance measure 7901F,Category II - Performance Measures,Quality Measurement,CPT
79025,Nuclear medicine procedure 79025,Radiology,Nuclear Medicine,CPT
79050,Nuclear medicine procedure 79050,Radiology,Nuclear Medicine,CPT
79075,Nuclear medicine procedure 79075,Radiology,Nuclear Medicine,CPT
79100,Nuclear medicine procedure 79100,Radiology,Nuclear Medicine,CPT
79125,Nuclear medicine procedure 79125,Radiology,Nuclear Medicine,CPT
79150,Nuclear medicine procedure 79150,Radiology,Nuclear Medicine,CPT
79175,Nuclear medicine procedure 79175,Radiology,Nuclear Medicine,CPT
79200,Nuclear medicine procedure 79200,Radiology,Nuclear Medicine,CPT
79225,Nuclear medicine procedure 79225,Radiology,Nuclear Medicine,CPT
79250,Nuclear medicine procedure 79250,Radiology,Nuclear Medicine,CPT
79275,Nuclear medicine procedure 79275,Radiology,Nuclear Medicine,CPT
79300,Nuclear medicine procedure 79300,Radiology,Nuclear Medicine,CPT
79325,Nuclear medicine procedure 79325,Radiology,Nuclear Medicine,CPT
79350,Nuclear medicine procedure 79350,Radiology,Nuclear Medicine,CPT
79375,Nuclear medicine procedure 79375,Radiology,Nuclear Medicine,CPT
79400,Nuclear medicine procedure 79400,Radiology,Nuclear Medicine,CPT
79425,Nuclear medicine procedure 79425,Radiology,Nuclear Medicine,CPT
79450,Nuclear medicine procedure 79450,Radiology,Nuclear Medicine,CPT
79475,Nuclear medicine procedure 79475,Radiology,Nuclear Medicine,CPT
79500,Nuclear medicine procedure 79500,Radiology,Nuclear Medicine,CPT
7951F,Performance measure 7951F,Category II - Performance Measures,Quality Measurement,CPT
79525,Nuclear medicine procedure 79525,Radiology,Nuclear Medicine,CPT
79550,Nuclear medicine procedure 79550,Radiology,Nuclear Medicine,CPT
79575,Nuclear medicine procedure 79575,Radiology,Nuclear Medicine,CPT
79600,Nuclear medicine procedure 79600,Radiology,Nuclear Medicine,CPT
79625,Nuclear medicine procedure 79625,Radiology,Nuclear Medicine,CPT
79650,Nuclear medicine procedure 79650,Radiology,Nuclear Medicine,CPT
79675,Nuclear medicine procedure 79675,Radiology,Nuclear Medicine,CPT
79700,Nuclear medicine procedure 79700,Radiology,Nuclear Medicine,CPT
79725,Nuclear medicine procedure 79725,Radiology,Nuclear Medicine,CPT
79750,Nuclear medicine procedure 79750,Radiology,Nuclear Medicine,CPT
79775,Nuclear medicine procedure 79775,Radiology,Nuclear Medicine,CPT
79800,Nuclear medicine procedure 79800,Radiology,Nuclear Medicine,CPT
79825,Nuclear medicine procedure 79825,Radiology,Nuclear Medicine,CPT
79850,Nuclear medicine procedure 79850,Radiology,Nuclear Medicine,CPT
79875,Nuclear medicine procedure 79875,Radiology,Nuclear Medicine,CPT
79900,Nuclear medicine procedure 79900,Radiology,Nuclear Medicine,CPT
79925,Nuclear medicine procedure 79925,Radiology,Nuclear Medicine,CPT
79950,Nuclear medicine procedure 79950,Radiology,Nuclear Medicine,CPT
79975,Nuclear medicine procedure 79975,Radiology,Nuclear Medicine,CPT
8001F,Performance measure 8001F,Category II - Performance Measures,Quality Measurement,CPT
80047,Organ or disease-oriented panel 80047,Pathology and Laboratory,Organ/Disease Panels,CPT
80048,Organ or disease-oriented panel 80048,Pathology and Laboratory,Organ/Disease Panels,CPT
80049,Organ or disease-oriented panel 80049,Pathology and Laboratory,Organ/Disease Panels,CPT
80050,Organ or disease-oriented panel 80050,Pathology and Laboratory,Organ/Disease Panels,CPT
80051,Organ or disease-oriented panel 80051,Pathology and Laboratory,Organ/Disease Panels,CPT
80052,Organ or disease-oriented panel 80052,Pathology and Laboratory,Organ/Disease Panels,CPT
80053,Organ or disease-oriented panel 80053,Pathology and Laboratory,Organ/Disease Panels,CPT
80054,Organ or disease-oriented panel 80054,Pathology and Laboratory,Organ/Disease Panels,CPT
80055,Organ or disease-oriented panel 80055,Pathology and Laboratory,Organ/Disease Panels,CPT
80056,Organ or disease-oriented panel 80056,Pathology and Laboratory,Organ/Disease Panels,CPT
80057,Organ or disease-oriented panel 80057,Pathology and Laboratory,Organ/Disease Panels,CPT
80058,Organ or disease-oriented panel 80058,Pathology and Laboratory,Organ/Disease Panels,CPT
80059,Organ or disease-oriented panel 80059,Pathology and Laboratory,Organ/Disease Panels,CPT
80060,Organ or disease-oriented panel 80060,Pathology and Laboratory,Organ/Disease Panels,CPT
80061,Organ or disease-oriented panel 80061,Pathology and Laboratory,Organ/Disease Panels,CPT
80062,Organ or disease-oriented panel 80062,Pathology and Laboratory,Organ/Disease Panels,CPT
80063,Organ or disease-oriented panel 80063,Pathology and Laboratory,Organ/Disease Panels,CPT
80064,Organ or disease-oriented panel 80064,Pathology and Laboratory,Organ/Disease Panels,CPT
80065,Organ or disease-oriented panel 80065,Pathology and Laboratory,Organ/Disease Panels,CPT
80066,Organ or disease-oriented panel 80066,Pathology and Laboratory,Organ/Disease Panels,CPT
80067,Organ or disease-oriented panel 80067,Pathology and Laboratory,Organ/Disease Panels,CPT
80068,Organ or disease-oriented panel 80068,Pathology and Laboratory,Organ/Disease Panels,CPT
80069,Organ or disease-oriented panel 80069,Pathology and Laboratory,Organ/Disease Panels,CPT
80070,Organ or disease-oriented panel 80070,Pathology and Laboratory,Organ/Disease Panels,CPT
80071,Organ or disease-oriented panel 80071,Pathology and Laboratory,Organ/Disease Panels,CPT
80072,Organ or disease-oriented panel 80072,Pathology and Laboratory,Organ/Disease Panels,CPT
80073,Organ or disease-oriented panel 80073,Pathology and Laboratory,Organ/Disease Panels,CPT
80074,Organ or disease-oriented panel 80074,Pathology and Laboratory,Organ/Disease Panels,CPT
80075,Organ or disease-oriented panel 80075,Pathology and Laboratory,Organ/Disease Panels,CPT
80076,Organ or disease-oriented panel 80076,Pathology and Laboratory,Organ/Disease Panels,CPT
80077,Organ or disease-oriented panel 80077,Pathology and Laboratory,Organ/Disease Panels,CPT
80078,Organ or disease-oriented panel 80078,Pathology and Laboratory,Organ/Disease Panels,CPT
80079,Organ or disease-oriented panel 80079,Pathology and Laboratory,Organ/Disease Panels,CPT
80080,Organ or disease-oriented panel 80080,Pathology and Laboratory,Organ/Disease Panels,CPT
80081,Organ or disease-oriented panel 80081,Pathology and Laboratory,Organ/Disease Panels,CPT
80150,Drug testing/assay 80150,Pathology and Laboratory,Drug Assays,CPT
80155,Drug testing/assay 80155,Pathology and Laboratory,Drug Assays,CPT
80160,Drug testing/assay 80160,Pathology and Laboratory,Drug Assays,CPT
80165,Drug testing/assay 80165,Pathology and Laboratory,Drug Assays,CPT
80170,Drug testing/assay 80170,Pathology and Laboratory,Drug Assays,CPT
80175,Drug testing/assay 80175,Pathology and Laboratory,Drug Assays,CPT
80180,Drug testing/assay 80180,Pathology and Laboratory,Drug Assays,CPT
80185,Drug testing/assay 80185,Pathology and Laboratory,Drug Assays,CPT
80190,Drug testing/assay 80190,Pathology and Laboratory,Drug Assays,CPT
80195,Drug testing/assay 80195,Pathology and Laboratory,Drug Assays,CPT
80200,Drug testing/assay 80200,Pathology and Laboratory,Drug Assays,CPT
80205,Drug testing/assay 80205,Pathology and Laboratory,Drug Assays,CPT
80210,Drug testing/assay 80210,Pathology and Laboratory,Drug Assays,CPT
80215,Drug testing/assay 80215,Pathology and Laboratory,Drug Assays,CPT
80220,Drug testing/assay 80220,Pathology and Laboratory,Drug Assays,CPT
80225,Drug testing/assay 80225,Pathology and Laboratory,Drug Assays,CPT
80230,Drug testing/assay 80230,Pathology and Laboratory,Drug Assays,CPT
80235,Drug testing/assay 80235,Pathology and Laboratory,Drug Assays,CPT
80240,Drug testing/assay 80240,Pathology and Laboratory,Drug Assays,CPT
80245,Drug testing/assay 80245,Pathology and Laboratory,Drug Assays,CPT
80250,Drug testing/assay 80250,Pathology and Laboratory,Drug Assays,CPT
80255,Drug testing/assay 80255,Pathology and Laboratory,Drug Assays,CPT
80260,Drug testing/assay 80260,Pathology and Laboratory,Drug Assays,CPT
80265,Drug testing/assay 80265,Pathology and Laboratory,Drug Assays,CPT
80270,Drug testing/assay 80270,Pathology and Laboratory,Drug Assays,CPT
80275,Drug testing/assay 80275,Pathology and Laboratory,Drug Assays,CPT
80280,Drug testing/assay 80280,Pathology and Laboratory,Drug Assays,CPT
80285,Drug testing/assay 80285,Pathology and Laboratory,Drug Assays,CPT
80290,Drug testing/assay 80290,Pathology and Laboratory,Drug Assays,CPT
80295,Drug testing/assay 80295,Pathology and Laboratory,Drug Assays,CPT
80300,Drug testing/assay 80300,Pathology and Laboratory,Drug Assays,CPT
80305,Drug testing/assay 80305,Pathology and Laboratory,Drug Assays,CPT
80310,Drug testing/assay 80310,Pathology and Laboratory,Drug Assays,CPT
80315,Drug testing/assay 80315,Pathology and Laboratory,Drug Assays,CPT
80320,Drug testing/assay 80320,Pathology and Laboratory,Drug Assays,CPT
80325,Drug testing/assay 80325,Pathology and Laboratory,Drug Assays,CPT
80330,Drug testing/assay 80330,Pathology and Laboratory,Drug Assays,CPT
80335,Drug testing/assay 80335,Pathology and Laboratory,Drug Assays,CPT
80340,Drug testing/assay 80340,Pathology and Laboratory,Drug Assays,CPT
80345,Drug testing/assay 80345,Pathology and Laboratory,Drug Assays,CPT
80350,Drug testing/assay 80350,Pathology and Laboratory,Drug Assays,CPT
80355,Drug testing/assay 80355,Pathology and Laboratory,Drug Assays,CPT
80360,Drug testing/assay 80360,Pathology and Laboratory,Drug Assays,CPT
80365,Drug testing/assay 80365,Pathology and Laboratory,Drug Assays,CPT
80370,Drug testing/assay 80370,Pathology and Laboratory,Drug Assays,CPT
80375,Drug testing/assay 80375,Pathology and Laboratory,Drug Assays,CPT
8051F,Performance measure 8051F,Category II - Performance Measures,Quality Measurement,CPT
8101F,Performance measure 8101F,Category II - Performance Measures,Quality Measurement,CPT
8151F,Performance measure 8151F,Category II - Performance Measures,Quality Measurement,CPT
82000,Chemistry test 82000,Pathology and Laboratory,Chemistry,CPT
8201F,Performance measure 8201F,Category II - Performance Measures,Quality Measurement,CPT
82020,Chemistry test 82020,Pathology and Laboratory,Chemistry,CPT
82040,Chemistry test 82040,Pathology and Laboratory,Chemistry,CPT
82060,Chemistry test 82060,Pathology and Laboratory,Chemistry,CPT
82080,Chemistry test 82080,Pathology and Laboratory,Chemistry,CPT
82100,Chemistry test 82100,Pathology and Laboratory,Chemistry,CPT
82120,Chemistry test 82120,Pathology and Laboratory,Chemistry,CPT
82140,Chemistry test 82140,Pathology and Laboratory,Chemistry,CPT
82160,Chemistry test 82160,Pathology and Laboratory,Chemistry,CPT
82180,Chemistry test 82180,Pathology and Laboratory,Chemistry,CPT
82200,Chemistry test 82200,Pathology and Laboratory,Chemistry,CPT
82220,Chemistry test 82220,Pathology and Laboratory,Chemistry,CPT
82240,Chemistry test 82240,Pathology and Laboratory,Chemistry,CPT
82260,Chemistry test 82260,Pathology and Laboratory,Chemistry,CPT
82280,Chemistry test 82280,Pathology and Laboratory,Chemistry,CPT
82300,Chemistry test 82300,Pathology and Laboratory,Chemistry,CPT
82320,Chemistry test 82320,Pathology and Laboratory,Chemistry,CPT
82340,Chemistry test 82340,Pathology and Laboratory,Chemistry,CPT
82360,Chemistry test 82360,Pathology and Laboratory,Chemistry,CPT
82380,Chemistry test 82380,Pathology and Laboratory,Chemistry,CPT
82400,Chemistry test 82400,Pathology and Laboratory,Chemistry,CPT
82420,Chemistry test 82420,Pathology and Laboratory,Chemistry,CPT
82440,Chemistry test 82440,Pathology and Laboratory,Chemistry,CPT
82460,Chemistry test 82460,Pathology and Laboratory,Chemistry,CPT
82480,Chemistry test 82480,Pathology and Laboratory,Chemistry,CPT
82500,Chemistry test 82500,Pathology and Laboratory,Chemistry,CPT
8251F,Performance measure 8251F,Category II - Performance Measures,Quality Measurement,CPT
82520,Chemistry test 82520,Pathology and Laboratory,Chemistry,CPT
82540,Chemistry test 82540,Pathology and Laboratory,Chemistry,CPT
82560,Chemistry test 82560,Pathology and Laboratory,Chemistry,CPT
82580,Chemistry test 82580,Pathology and Laboratory,Chemistry,CPT
82600,Chemistry test 82600,Pathology and Laboratory,Chemistry,CPT
82620,Chemistry test 82620,Pathology and Laboratory,Chemistry,CPT
82640,Chemistry test 82640,Pathology and Laboratory,Chemistry,CPT
82660,Chemistry test 82660,Pathology and Laboratory,Chemistry,CPT
82680,Chemistry test 82680,Pathology and Laboratory,Chemistry,CPT
82700,Chemistry test 82700,Pathology and Laboratory,Chemistry,CPT
82720,Chemistry test 82720,Pathology and Laboratory,Chemistry,CPT
82740,Chemistry test 82740,Pathology and Laboratory,Chemistry,CPT
82760,Chemistry test 82760,Pathology and Laboratory,Chemistry,CPT
82780,Chemistry test 82780,Pathology and Laboratory,Chemistry,CPT
82800,Chemistry test 82800,Pathology and Laboratory,Chemistry,CPT
82820,Chemistry test 82820,Pathology and Laboratory,Chemistry,CPT
82840,Chemistry test 82840,Pathology and Laboratory,Chemistry,CPT
82860,Chemistry test 82860,Pathology and Laboratory,Chemistry,CPT
82880,Chemistry test 82880,Pathology and Laboratory,Chemistry,CPT
82900,Chemistry test 82900,Pathology and Laboratory,Chemistry,CPT
82920,Chemistry test 82920,Pathology and Laboratory,Chemistry,CPT
82940,Chemistry test 82940,Pathology and Laboratory,Chemistry,CPT
82960,Chemistry test 82960,Pathology and Laboratory,Chemistry,CPT
82980,Chemistry test 82980,Pathology and Laboratory,Chemistry,CPT
83000,Chemistry test 83000,Pathology and Laboratory,Chemistry,CPT
8301F,Performance measure 8301F,Category II - Performance Measures,Quality Measurement,CPT
83020,Chemistry test 83020,Pathology and Laboratory,Chemistry,CPT
83040,Chemistry test 83040,Pathology and Laboratory,Chemistry,CPT
83060,Chemistry test 83060,Pathology and Laboratory,Chemistry,CPT
83080,Chemistry test 83080,Pathology and Laboratory,Chemistry,CPT
83100,Chemistry test 83100,Pathology and Laboratory,Chemistry,CPT
83120,Chemistry test 83120,Pathology and Laboratory,Chemistry,CPT
83140,Chemistry test 83140,Pathology and Laboratory,Chemistry,CPT
83160,Chemistry test 83160,Pathology and Laboratory,Chemistry,CPT
83180,Chemistry test 83180,Pathology and Laboratory,Chemistry,CPT
83200,Chemistry test 83200,Pathology and Laboratory,Chemistry,CPT
83220,Chemistry test 83220,Pathology and Laboratory,Chemistry,CPT
83240,Chemistry test 83240,Pathology and Laboratory,Chemistry,CPT
83260,Chemistry test 83260,Pathology and Laboratory,Chemistry,CPT
83280,Chemistry test 83280,Pathology and Laboratory,Chemistry,CPT
83300,Chemistry test 83300,Pathology and Laboratory,Chemistry,CPT
83320,Chemistry test 83320,Pathology and Laboratory,Chemistry,CPT
83340,Chemistry test 83340,Pathology and Laboratory,Chemistry,CPT
83360,Chemistry test 83360,Pathology and Laboratory,Chemistry,CPT
83380,Chemistry test 83380,Pathology and Laboratory,Chemistry,CPT
83400,Chemistry test 83400,Pathology and Laboratory,Chemistry,CPT
83420,Chemistry test 83420,Pathology and Laboratory,Chemistry,CPT
83440,Chemistry test 83440,Pathology and Laboratory,Chemistry,CPT
83460,Chemistry test 83460,Pathology and Laboratory,Chemistry,CPT
83480,Chemistry test 83480,Pathology and Laboratory,Chemistry,CPT
83500,Chemistry test 83500,Pathology and Laboratory,Chemistry,CPT
8351F,Performance measure 8351F,Category II - Performance Measures,Quality Measurement,CPT
83520,Chemistry test 83520,Pathology and Laboratory,Chemistry,CPT
83540,Chemistry test 83540,Pathology and Laboratory,Chemistry,CPT
83560,Chemistry test 83560,Pathology and Laboratory,Chemistry,CPT
83580,Chemistry test 83580,Pathology and Laboratory,Chemistry,CPT
83600,Chemistry test 83600,Pathology and Laboratory,Chemistry,CPT
83620,Chemistry test 83620,Pathology and Laboratory,Chemistry,CPT
83640,Chemistry test 83640,Pathology and Laboratory,Chemistry,CPT
83660,Chemistry test 83660,Pathology and Laboratory,Chemistry,CPT
83680,Chemistry test 83680,Pathology and Laboratory,Chemistry,CPT
83700,Chemistry test 83700,Pathology and Laboratory,Chemistry,CPT
83720,Chemistry test 83720,Pathology and Laboratory,Chemistry,CPT
83740,Chemistry test 83740,Pathology and Laboratory,Chemistry,CPT
83760,Chemistry test 83760,Pathology and Laboratory,Chemistry,CPT
83780,Chemistry test 83780,Pathology and Laboratory,Chemistry,CPT
83800,Chemistry test 83800,Pathology and Laboratory,Chemistry,CPT
83820,Chemistry test 83820,Pathology and Laboratory,Chemistry,CPT
83840,Chemistry test 83840,Pathology and Laboratory,Chemistry,CPT
83860,Chemistry test 83860,Pathology and Laboratory,Chemistry,CPT
83880,Chemistry test 83880,Pathology and Laboratory,Chemistry,CPT
83900,Chemistry test 83900,Pathology and Laboratory,Chemistry,CPT
83920,Chemistry test 83920,Pathology and Laboratory,Chemistry,CPT
83940,Chemistry test 83940,Pathology and Laboratory,Chemistry,CPT
83960,Chemistry test 83960,Pathology and Laboratory,Chemistry,CPT
83980,Chemistry test 83980,Pathology and Laboratory,Chemistry,CPT
84000,Chemistry test 84000,Pathology and Laboratory,Chemistry,CPT
8401F,Performance measure 8401F,Category II - Performance Measures,Quality Measurement,CPT
84020,Chemistry test 84020,Pathology and Laboratory,Chemistry,CPT
84040,Chemistry test 84040,Pathology and Laboratory,Chemistry,CPT
84060,Chemistry test 84060,Pathology and Laboratory,Chemistry,CPT
84080,Chemistry test 84080,Pathology and Laboratory,Chemistry,CPT
84100,Chemistry test 84100,Pathology and Laboratory,Chemistry,CPT
84120,Chemistry test 84120,Pathology and Laboratory,Chemistry,CPT
84140,Chemistry test 84140,Pathology and Laboratory,Chemistry,CPT
84160,Chemistry test 84160,Pathology and Laboratory,Chemistry,CPT
84180,Chemistry test 84180,Pathology and Laboratory,Chemistry,CPT
84200,Chemistry test 84200,Pathology and Laboratory,Chemistry,CPT
84220,Chemistry test 84220,Pathology and Laboratory,Chemistry,CPT
84240,Chemistry test 84240,Pathology and Laboratory,Chemistry,CPT
84260,Chemistry test 84260,Pathology and Laboratory,Chemistry,CPT
84280,Chemistry test 84280,Pathology and Laboratory,Chemistry,CPT
84300,Chemistry test 84300,Pathology and Laboratory,Chemistry,CPT
84320,Chemistry test 84320,Pathology and Laboratory,Chemistry,CPT
84340,Chemistry test 84340,Pathology and Laboratory,Chemistry,CPT
84360,Chemistry test 84360,Pathology and Laboratory,Chemistry,CPT
84380,Chemistry test 84380,Pathology and Laboratory,Chemistry,CPT
84400,Chemistry test 84400,Pathology and Laboratory,Chemistry,CPT
84420,Chemistry test 84420,Pathology and Laboratory,Chemistry,CPT
84440,Chemistry test 84440,Pathology and Laboratory,Chemistry,CPT
84460,Chemistry test 84460,Pathology and Laboratory,Chemistry,CPT
84480,Chemistry test 84480,Pathology and Laboratory,Chemistry,CPT
84500,Chemistry test 84500,Pathology and Laboratory,Chemistry,CPT
8451F,Performance measure 8451F,Category II - Performance Measures,Quality Measurement,CPT
84520,Chemistry test 84520,Pathology and Laboratory,Chemistry,CPT
84540,Chemistry test 84540,Pathology and Laboratory,Chemistry,CPT
84560,Chemistry test 84560,Pathology and Laboratory,Chemistry,CPT
84580,Chemistry test 84580,Pathology and Laboratory,Chemistry,CPT
84600,Chemistry test 84600,Pathology and Laboratory,Chemistry,CPT
84620,Chemistry test 84620,Pathology and Laboratory,Chemistry,CPT
84640,Chemistry test 84640,Pathology and Laboratory,Chemistry,CPT
84660,Chemistry test 84660,Pathology and Laboratory,Chemistry,CPT
84680,Chemistry test 84680,Pathology and Laboratory,Chemistry,CPT
84700,Chemistry test 84700,Pathology and Laboratory,Chemistry,CPT
84720,Chemistry test 84720,Pathology and Laboratory,Chemistry,CPT
84740,Chemistry test 84740,Pathology and Laboratory,Chemistry,CPT
84760,Chemistry test 84760,Pathology and Laboratory,Chemistry,CPT
84780,Chemistry test 84780,Pathology and Laboratory,Chemistry,CPT
84800,Chemistry test 84800,Pathology and Laboratory,Chemistry,CPT
84820,Chemistry test 84820,Pathology and Laboratory,Chemistry,CPT
84840,Chemistry test 84840,Pathology and Laboratory,Chemistry,CPT
84860,Chemistry test 84860,Pathology and Laboratory,Chemistry,CPT
84880,Chemistry test 84880,Pathology and Laboratory,Chemistry,CPT
84900,Chemistry test 84900,Pathology and Laboratory,Chemistry,CPT
84920,Chemistry test 84920,Pathology and Laboratory,Chemistry,CPT
84940,Chemistry test 84940,Pathology and Laboratory,Chemistry,CPT
84960,Chemistry test 84960,Pathology and Laboratory,Chemistry,CPT
84980,Chemistry test 84980,Pathology and Laboratory,Chemistry,CPT
85002,Hematology test 85002,Pathology and Laboratory,Hematology,CPT
8501F,Performance measure 8501F,Category II - Performance Measures,Quality Measurement,CPT
85022,Hematology test 85022,Pathology and Laboratory,Hematology,CPT
85042,Hematology test 85042,Pathology and Laboratory,Hematology,CPT
85062,Hematology test 85062,Pathology and Laboratory,Hematology,CPT
85082,Hematology test 85082,Pathology and Laboratory,Hematology,CPT
85102,Hematology test 85102,Pathology and Laboratory,Hematology,CPT
85122,Hematology test 85122,Pathology and Laboratory,Hematology,CPT
85142,Hematology test 85142,Pathology and Laboratory,Hematology,CPT
85162,Hematology test 85162,Pathology and Laboratory,Hematology,CPT
85182,Hematology test 85182,Pathology and Laboratory,Hematology,CPT
85202,Hematology test 85202,Pathology and Laboratory,Hematology,CPT
85222,Hematology test 85222,Pathology and Laboratory,Hematology,CPT
85242,Hematology test 85242,Pathology and Laboratory,Hematology,CPT
85262,Hematology test 85262,Pathology and Laboratory,Hematology,CPT
85282,Hematology test 85282,Pathology and Laboratory,Hematology,CPT
85302,Hematology test 85302,Pathology and Laboratory,Hematology,CPT
85322,Hematology test 85322,Pathology and Laboratory,Hematology,CPT
85342,Hematology test 85342,Pathology and Laboratory,Hematology,CPT
85362,Hematology test 85362,Pathology and Laboratory,Hematology,CPT
85382,Hematology test 85382,Pathology and Laboratory,Hematology,CPT
85402,Hematology test 85402,Pathology and Laboratory,Hematology,CPT
85422,Hematology test 85422,Pathology and Laboratory,Hematology,CPT
85442,Hematology test 85442,Pathology and Laboratory,Hematology,CPT
85462,Hematology test 85462,Pathology and Laboratory,Hematology,CPT
85482,Hematology test 85482,Pathology and Laboratory,Hematology,CPT
85502,Hematology test 85502,Pathology and Laboratory,Hematology,CPT
8551F,Performance measure 8551F,Category II - Performance Measures,Quality Measurement,CPT
85522,Hematology test 85522,Pathology and Laboratory,Hematology,CPT
85542,Hematology test 85542,Pathology and Laboratory,Hematology,CPT
85562,Hematology test 85562,Pathology and Laboratory,Hematology,CPT
85582,Hematology test 85582,Pathology and Laboratory,Hematology,CPT
85602,Hematology test 85602,Pathology and Laboratory,Hematology,CPT
85622,Hematology test 85622,Pathology and Laboratory,Hematology,CPT
85642,Hematology test 85642,Pathology and Laboratory,Hematology,CPT
85662,Hematology test 85662,Pathology and Laboratory,Hematology,CPT
85682,Hematology test 85682,Pathology and Laboratory,Hematology,CPT
85702,Hematology test 85702,Pathology and Laboratory,Hematology,CPT
85722,Hematology test 85722,Pathology and Laboratory,Hematology,CPT
85742,Hematology test 85742,Pathology and Laboratory,Hematology,CPT
85762,Hematology test 85762,Pathology and Laboratory,Hematology,CPT
85782,Hematology test 85782,Pathology and Laboratory,Hematology,CPT
85802,Hematology test 85802,Pathology and Laboratory,Hematology,CPT
85822,Hematology test 85822,Pathology and Laboratory,Hematology,CPT
85842,Hematology test 85842,Pathology and Laboratory,Hematology,CPT
85862,Hematology test 85862,Pathology and Laboratory,Hematology,CPT
85882,Hematology test 85882,Pathology and Laboratory,Hematology,CPT
85902,Hematology test 85902,Pathology and Laboratory,Hematology,CPT
85922,Hematology test 85922,Pathology and Laboratory,Hematology,CPT
85942,Hematology test 85942,Pathology and Laboratory,Hematology,CPT
85962,Hematology test 85962,Pathology and Laboratory,Hematology,CPT
85982,Hematology test 85982,Pathology and Laboratory,Hematology,CPT
86000,Immunology test 86000,Pathology and Laboratory,Immunology,CPT
8601F,Performance measure 8601F,Category II - Performance Measures,Quality Measurement,CPT
86020,Immunology test 86020,Pathology and Laboratory,Immunology,CPT
86040,Immunology test 86040,Pathology and Laboratory,Immunology,CPT
86060,Immunology test 86060,Pathology and Laboratory,Immunology,CPT
86080,Immunology test 86080,Pathology and Laboratory,Immunology,CPT
86100,Immunology test 86100,Pathology and Laboratory,Immunology,CPT
86120,Immunology test 86120,Pathology and Laboratory,Immunology,CPT
86140,Immunology test 86140,Pathology and Laboratory,Immunology,CPT
86160,Immunology test 86160,Pathology and Laboratory,Immunology,CPT
86180,Immunology test 86180,Pathology and Laboratory,Immunology,CPT
86200,Immunology test 86200,Pathology and Laboratory,Immunology,CPT
86220,Immunology test 86220,Pathology and Laboratory,Immunology,CPT
86240,Immunology test 86240,Pathology and Laboratory,Immunology,CPT
86260,Immunology test 86260,Pathology and Laboratory,Immunology,CPT
86280,Immunology test 86280,Pathology and Laboratory,Immunology,CPT
86300,Immunology test 86300,Pathology and Laboratory,Immunology,CPT
86320,Immunology test 86320,Pathology and Laboratory,Immunology,CPT
86340,Immunology test 86340,Pathology and Laboratory,Immunology,CPT
86360,Immunology test 86360,Pathology and Laboratory,Immunology,CPT
86380,Immunology test 86380,Pathology and Laboratory,Immunology,CPT
86400,Immunology test 86400,Pathology and Laboratory,Immunology,CPT
86420,Immunology test 86420,Pathology and Laboratory,Immunology,CPT
86440,Immunology test 86440,Pathology and Laboratory,Immunology,CPT
86460,Immunology test 86460,Pathology and Laboratory,Immunology,CPT
86480,Immunology test 86480,Pathology and Laboratory,Immunology,CPT
86500,Immunology test 86500,Pathology and Laboratory,Immunology,CPT
8651F,Performance measure 8651F,Category II - Performance Measures,Quality Measurement,CPT
86520,Immunology test 86520,Pathology and Laboratory,Immunology,CPT
86540,Immunology test 86540,Pathology and Laboratory,Immunology,CPT
86560,Immunology test 86560,Pathology and Laboratory,Immunology,CPT
86580,Immunology test 86580,Pathology and Laboratory,Immunology,CPT
86600,Immunology test 86600,Pathology and Laboratory,Immunology,CPT
86620,Immunology test 86620,Pathology and Laboratory,Immunology,CPT
86640,Immunology test 86640,Pathology and Laboratory,Immunology,CPT
86660,Immunology test 86660,Pathology and Laboratory,Immunology,CPT
86680,Immunology test 86680,Pathology and Laboratory,Immunology,CPT
86700,Immunology test 86700,Pathology and Laboratory,Immunology,CPT
86720,Immunology test 86720,Pathology and Laboratory,Immunology,CPT
86740,Immunology test 86740,Pathology and Laboratory,Immunology,CPT
86760,Immunology test 86760,Pathology and Laboratory,Immunology,CPT
86780,Immunology test 86780,Pathology and Laboratory,Immunology,CPT
86800,Immunology test 86800,Pathology and Laboratory,Immunology,CPT
86820,Immunology test 86820,Pathology and Laboratory,Immunology,CPT
86840,Immunology test 86840,Pathology and Laboratory,Immunology,CPT
87001,Microbiology test 87001,Pathology and Laboratory,Microbiology,CPT
8701F,Performance measure 8701F,Category II - Performance Measures,Quality Measurement,CPT
87021,Microbiology test 87021,Pathology and Laboratory,Microbiology,CPT
87041,Microbiology test 87041,Pathology and Laboratory,Microbiology,CPT
87061,Microbiology test 87061,Pathology and Laboratory,Microbiology,CPT
87081,Microbiology test 87081,Pathology and Laboratory,Microbiology,CPT
87101,Microbiology test 87101,Pathology and Laboratory,Microbiology,CPT
87121,Microbiology test 87121,Pathology and Laboratory,Microbiology,CPT
87141,Microbiology test 87141,Pathology and Laboratory,Microbiology,CPT
87161,Microbiology test 87161,Pathology and Laboratory,Microbiology,CPT
87181,Microbiology test 87181,Pathology and Laboratory,Microbiology,CPT
87201,Microbiology test 87201,Pathology and Laboratory,Microbiology,CPT
87221,Microbiology test 87221,Pathology and Laboratory,Microbiology,CPT
87241,Microbiology test 87241,Pathology and Laboratory,Microbiology,CPT
87261,Microbiology test 87261,Pathology and Laboratory,Microbiology,CPT
87281,Microbiology test 87281,Pathology and Laboratory,Microbiology,CPT
87301,Microbiology test 87301,Pathology and Laboratory,Microbiology,CPT
87321,Microbiology test 87321,Pathology and Laboratory,Microbiology,CPT
87341,Microbiology test 87341,Pathology and Laboratory,Microbiology,CPT
87361,Microbiology test 87361,Pathology and Laboratory,Microbiology,CPT
87381,Microbiology test 87381,Pathology and Laboratory,Microbiology,CPT
87401,Microbiology test 87401,Pathology and Laboratory,Microbiology,CPT
87421,Microbiology test 87421,Pathology and Laboratory,Microbiology,CPT
87441,Microbiology test 87441,Pathology and Laboratory,Microbiology,CPT
87461,Microbiology test 87461,Pathology and Laboratory,Microbiology,CPT
87481,Microbiology test 87481,Pathology and Laboratory,Microbiology,CPT
87501,Microbiology test 87501,Pathology and Laboratory,Microbiology,CPT
8751F,Performance measure 8751F,Category II - Performance Measures,Quality Measurement,CPT
87521,Microbiology test 87521,Pathology and Laboratory,Microbiology,CPT
87541,Microbiology test 87541,Pathology and Laboratory,Microbiology,CPT
87561,Microbiology test 87561,Pathology and Laboratory,Microbiology,CPT
87581,Microbiology test 87581,Pathology and Laboratory,Microbiology,CPT
87601,Microbiology test 87601,Pathology and Laboratory,Microbiology,CPT
87621,Microbiology test 87621,Pathology and Laboratory,Microbiology,CPT
87641,Microbiology test 87641,Pathology and Laboratory,Microbiology,CPT
87661,Microbiology test 87661,Pathology and Laboratory,Microbiology,CPT
87681,Microbiology test 87681,Pathology and Laboratory,Microbiology,CPT
87701,Microbiology test 87701,Pathology and Laboratory,Microbiology,CPT
87721,Microbiology test 87721,Pathology and Laboratory,Microbiology,CPT
87741,Microbiology test 87741,Pathology and Laboratory,Microbiology,CPT
87761,Microbiology test 87761,Pathology and Laboratory,Microbiology,CPT
87781,Microbiology test 87781,Pathology and Laboratory,Microbiology,CPT
87801,Microbiology test 87801,Pathology and Laboratory,Microbiology,CPT
87821,Microbiology test 87821,Pathology and Laboratory,Microbiology,CPT
87841,Microbiology test 87841,Pathology and Laboratory,Microbiology,CPT
87861,Microbiology test 87861,Pathology and Laboratory,Microbiology,CPT
87881,Microbiology test 87881,Pathology and Laboratory,Microbiology,CPT
87901,Microbiology test 87901,Pathology and Laboratory,Microbiology,CPT
87921,Microbiology test 87921,Pathology and Laboratory,Microbiology,CPT
87941,Microbiology test 87941,Pathology and Laboratory,Microbiology,CPT
87961,Microbiology test 87961,Pathology and Laboratory,Microbiology,CPT
87981,Microbiology test 87981,Pathology and Laboratory,Microbiology,CPT
8801F,Performance measure 8801F,Category II - Performance Measures,Quality Measurement,CPT
8851F,Performance measure 8851F,Category II - Performance Measures,Quality Measurement,CPT
8901F,Performance measure 8901F,Category II - Performance Measures,Quality Measurement,CPT
8951F,Performance measure 8951F,Category II - Performance Measures,Quality Measurement,CPT
9001F,Performance measure 9001F,Category II - Performance Measures,Quality Measurement,CPT
90281,Immunization/vaccine 90281,Medicine,Immunizations,CPT
90291,Immunization/vaccine 90291,Medicine,Immunizations,CPT
90301,Immunization/vaccine 90301,Medicine,Immunizations,CPT
90311,Immunization/vaccine 90311,Medicine,Immunizations,CPT
90321,Immunization/vaccine 90321,Medicine,Immunizations,CPT
90331,Immunization/vaccine 90331,Medicine,Immunizations,CPT
90341,Immunization/vaccine 90341,Medicine,Immunizations,CPT
90351,Immunization/vaccine 90351,Medicine,Immunizations,CPT
90361,Immunization/vaccine 90361,Medicine,Immunizations,CPT
90371,Immunization/vaccine 90371,Medicine,Immunizations,CPT
90381,Immunization/vaccine 90381,Medicine,Immunizations,CPT
90391,Immunization/vaccine 90391,Medicine,Immunizations,CPT
90401,Immunization/vaccine 90401,Medicine,Immunizations,CPT
90411,Immunization/vaccine 90411,Medicine,Immunizations,CPT
90421,Immunization/vaccine 90421,Medicine,Immunizations,CPT
90431,Immunization/vaccine 90431,Medicine,Immunizations,CPT
90441,Immunization/vaccine 90441,Medicine,Immunizations,CPT
90451,Immunization/vaccine 90451,Medicine,Immunizations,CPT
90461,Immunization/vaccine 90461,Medicine,Immunizations,CPT
90471,Immunization/vaccine 90471,Medicine,Immunizations,CPT
90481,Immunization/vaccine 90481,Medicine,Immunizations,CPT
90491,Immunization/vaccine 90491,Medicine,Immunizations,CPT
90501,Immunization/vaccine 90501,Medicine,Immunizations,CPT
90511,Immunization/vaccine 90511,Medicine,Immunizations,CPT
90521,Immunization/vaccine 90521,Medicine,Immunizations,CPT
90531,Immunization/vaccine 90531,Medicine,Immunizations,CPT
90541,Immunization/vaccine 90541,Medicine,Immunizations,CPT
90551,Immunization/vaccine 90551,Medicine,Immunizations,CPT
90561,Immunization/vaccine 90561,Medicine,Immunizations,CPT
90571,Immunization/vaccine 90571,Medicine,Immunizations,CPT
90581,Immunization/vaccine 90581,Medicine,Immunizations,CPT
90591,Immunization/vaccine 90591,Medicine,Immunizations,CPT
90601,Immunization/vaccine 90601,Medicine,Immunizations,CPT
90611,Immunization/vaccine 90611,Medicine,Immunizations,CPT
90621,Immunization/vaccine 90621,Medicine,Immunizations,CPT
90631,Immunization/vaccine 90631,Medicine,Immunizations,CPT
90641,Immunization/vaccine 90641,Medicine,Immunizations,CPT
90651,Immunization/vaccine 90651,Medicine,Immunizations,CPT
90661,Immunization/vaccine 90661,Medicine,Immunizations,CPT
90671,Immunization/vaccine 90671,Medicine,Immunizations,CPT
90681,Immunization/vaccine 90681,Medicine,Immunizations,CPT
90691,Immunization/vaccine 90691,Medicine,Immunizations,CPT
90701,Immunization/vaccine 90701,Medicine,Immunizations,CPT
90711,Immunization/vaccine 90711,Medicine,Immunizations,CPT
90721,Immunization/vaccine 90721,Medicine,Immunizations,CPT
90731,Immunization/vaccine 90731,Medicine,Immunizations,CPT
90741,Immunization/vaccine 90741,Medicine,Immunizations,CPT
90785,Psychiatric diagnostic/therapeutic procedure 90785,Medicine,Psychiatry,CPT
90790,Psychiatric diagnostic/therapeutic procedure 90790,Medicine,Psychiatry,CPT
90795,Psychiatric diagnostic/therapeutic procedure 90795,Medicine,Psychiatry,CPT
90800,Psychiatric diagnostic/therapeutic procedure 90800,Medicine,Psychiatry,CPT
90805,Psychiatric diagnostic/therapeutic procedure 90805,Medicine,Psychiatry,CPT
90810,Psychiatric diagnostic/therapeutic procedure 90810,Medicine,Psychiatry,CPT
90815,Psychiatric diagnostic/therapeutic procedure 90815,Medicine,Psychiatry,CPT
90820,Psychiatric diagnostic/therapeutic procedure 90820,Medicine,Psychiatry,CPT
90825,Psychiatric diagnostic/therapeutic procedure 90825,Medicine,Psychiatry,CPT
90830,Psychiatric diagnostic/therapeutic procedure 90830,Medicine,Psychiatry,CPT
90835,Psychiatric diagnostic/therapeutic procedure 90835,Medicine,Psychiatry,CPT
90840,Psychiatric diagnostic/therapeutic procedure 90840,Medicine,Psychiatry,CPT
90845,Psychiatric diagnostic/therapeutic procedure 90845,Medicine,Psychiatry,CPT
90850,Psychiatric diagnostic/therapeutic procedure 90850,Medicine,Psychiatry,CPT
90855,Psychiatric diagnostic/therapeutic procedure 90855,Medicine,Psychiatry,CPT
90860,Psychiatric diagnostic/therapeutic procedure 90860,Medicine,Psychiatry,CPT
90865,Psychiatric diagnostic/therapeutic procedure 90865,Medicine,Psychiatry,CPT
90870,Psychiatric diagnostic/therapeutic procedure 90870,Medicine,Psychiatry,CPT
90875,Psychiatric diagnostic/therapeutic procedure 90875,Medicine,Psychiatry,CPT
90880,Psychiatric diagnostic/therapeutic procedure 90880,Medicine,Psychiatry,CPT
90885,Psychiatric diagnostic/therapeutic procedure 90885,Medicine,Psychiatry,CPT
90890,Psychiatric diagnostic/therapeutic procedure 90890,Medicine,Psychiatry,CPT
90895,Psychiatric diagnostic/therapeutic procedure 90895,Medicine,Psychiatry,CPT
90935,Dialysis service 90935,Medicine,Dialysis,CPT
90940,Dialysis service 90940,Medicine,Dialysis,CPT
90945,Dialysis service 90945,Medicine,Dialysis,CPT
90950,Dialysis service 90950,Medicine,Dialysis,CPT
90955,Dialysis service 90955,Medicine,Dialysis,CPT
90960,Dialysis service 90960,Medicine,Dialysis,CPT
90965,Dialysis service 90965,Medicine,Dialysis,CPT
90970,Dialysis service 90970,Medicine,Dialysis,CPT
90975,Dialysis service 90975,Medicine,Dialysis,CPT
90980,Dialysis service 90980,Medicine,Dialysis,CPT
90985,Dialysis service 90985,Medicine,Dialysis,CPT
90990,Dialysis service 90990,Medicine,Dialysis,CPT
90995,Dialysis service 90995,Medicine,Dialysis,CPT
92950,Cardiovascular service 92950,Medicine,Cardiology,CPT
92970,Cardiovascular service 92970,Medicine,Cardiology,CPT
92990,Cardiovascular service 92990,Medicine,Cardiology,CPT
93010,Cardiovascular service 93010,Medicine,Cardiology,CPT
93030,Cardiovascular service 93030,Medicine,Cardiology,CPT
93050,Cardiovascular service 93050,Medicine,Cardiology,CPT
93070,Cardiovascular service 93070,Medicine,Cardiology,CPT
93090,Cardiovascular service 93090,Medicine,Cardiology,CPT
93110,Cardiovascular service 93110,Medicine,Cardiology,CPT
93130,Cardiovascular service 93130,Medicine,Cardiology,CPT
93150,Cardiovascular service 93150,Medicine,Cardiology,CPT
93170,Cardiovascular service 93170,Medicine,Cardiology,CPT
93190,Cardiovascular service 93190,Medicine,Cardiology,CPT
93210,Cardiovascular service 93210,Medicine,Cardiology,CPT
93230,Cardiovascular service 93230,Medicine,Cardiology,CPT
93250,Cardiovascular service 93250,Medicine,Cardiology,CPT
93270,Cardiovascular service 93270,Medicine,Cardiology,CPT
93290,Cardiovascular service 93290,Medicine,Cardiology,CPT
93310,Cardiovascular service 93310,Medicine,Cardiology,CPT
93330,Cardiovascular service 93330,Medicine,Cardiology,CPT
93350,Cardiovascular service 93350,Medicine,Cardiology,CPT
93370,Cardiovascular service 93370,Medicine,Cardiology,CPT
93390,Cardiovascular service 93390,Medicine,Cardiology,CPT
93410,Cardiovascular service 93410,Medicine,Cardiology,CPT
93430,Cardiovascular service 93430,Medicine,Cardiology,CPT
93450,Cardiovascular service 93450,Medicine,Cardiology,CPT
93470,Cardiovascular service 93470,Medicine,Cardiology,CPT
93490,Cardiovascular service 93490,Medicine,Cardiology,CPT
93510,Cardiovascular service 93510,Medicine,Cardiology,CPT
93530,Cardiovascular service 93530,Medicine,Cardiology,CPT
93550,Cardiovascular service 93550,Medicine,Cardiology,CPT
93570,Cardiovascular service 93570,Medicine,Cardiology,CPT
93590,Cardiovascular service 93590,Medicine,Cardiology,CPT
93610,Cardiovascular service 93610,Medicine,Cardiology,CPT
93630,Cardiovascular service 93630,Medicine,Cardiology,CPT
93650,Cardiovascular service 93650,Medicine,Cardiology,CPT
93670,Cardiovascular service 93670,Medicine,Cardiology,CPT
93690,Cardiovascular service 93690,Medicine,Cardiology,CPT
93710,Cardiovascular service 93710,Medicine,Cardiology,CPT
93730,Cardiovascular service 93730,Medicine,Cardiology,CPT
93750,Cardiovascular service 93750,Medicine,Cardiology,CPT
93770,Cardiovascular service 93770,Medicine,Cardiology,CPT
93790,Cardiovascular service 93790,Medicine,Cardiology,CPT
94002,Pulmonary service 94002,Medicine,Pulmonary,CPT
94022,Pulmonary service 94022,Medicine,Pulmonary,CPT
94042,Pulmonary service 94042,Medicine,Pulmonary,CPT
94062,Pulmonary service 94062,Medicine,Pulmonary,CPT
94082,Pulmonary service 94082,Medicine,Pulmonary,CPT
94102,Pulmonary service 94102,Medicine,Pulmonary,CPT
94122,Pulmonary service 94122,Medicine,Pulmonary,CPT
94142,Pulmonary service 94142,Medicine,Pulmonary,CPT
94162,Pulmonary service 94162,Medicine,Pulmonary,CPT
94182,Pulmonary service 94182,Medicine,Pulmonary,CPT
94202,Pulmonary service 94202,Medicine,Pulmonary,CPT
94222,Pulmonary service 94222,Medicine,Pulmonary,CPT
94242,Pulmonary service 94242,Medicine,Pulmonary,CPT
94262,Pulmonary service 94262,Medicine,Pulmonary,CPT
94282,Pulmonary service 94282,Medicine,Pulmonary,CPT
94302,Pulmonary service 94302,Medicine,Pulmonary,CPT
94322,Pulmonary service 94322,Medicine,Pulmonary,CPT
94342,Pulmonary service 94342,Medicine,Pulmonary,CPT
94362,Pulmonary service 94362,Medicine,Pulmonary,CPT
94382,Pulmonary service 94382,Medicine,Pulmonary,CPT
94402,Pulmonary service 94402,Medicine,Pulmonary,CPT
94422,Pulmonary service 94422,Medicine,Pulmonary,CPT
94442,Pulmonary service 94442,Medicine,Pulmonary,CPT
94462,Pulmonary service 94462,Medicine,Pulmonary,CPT
94482,Pulmonary service 94482,Medicine,Pulmonary,CPT
94502,Pulmonary service 94502,Medicine,Pulmonary,CPT
94522,Pulmonary service 94522,Medicine,Pulmonary,CPT
94542,Pulmonary service 94542,Medicine,Pulmonary,CPT
94562,Pulmonary service 94562,Medicine,Pulmonary,CPT
94582,Pulmonary service 94582,Medicine,Pulmonary,CPT
94602,Pulmonary service 94602,Medicine,Pulmonary,CPT
94622,Pulmonary service 94622,Medicine,Pulmonary,CPT
94642,Pulmonary service 94642,Medicine,Pulmonary,CPT
94662,Pulmonary service 94662,Medicine,Pulmonary,CPT
94682,Pulmonary service 94682,Medicine,Pulmonary,CPT
94702,Pulmonary service 94702,Medicine,Pulmonary,CPT
94722,Pulmonary service 94722,Medicine,Pulmonary,CPT
94742,Pulmonary service 94742,Medicine,Pulmonary,CPT
94762,Pulmonary service 94762,Medicine,Pulmonary,CPT
94782,Pulmonary service 94782,Medicine,Pulmonary,CPT
97010,Physical medicine/rehabilitation service 97010,Medicine,Physical Medicine,CPT
97020,Physical medicine/rehabilitation service 97020,Medicine,Physical Medicine,CPT
97030,Physical medicine/rehabilitation service 97030,Medicine,Physical Medicine,CPT
97040,Physical medicine/rehabilitation service 97040,Medicine,Physical Medicine,CPT
97050,Physical medicine/rehabilitation service 97050,Medicine,Physical Medicine,CPT
97060,Physical medicine/rehabilitation service 97060,Medicine,Physical Medicine,CPT
97070,Physical medicine/rehabilitation service 97070,Medicine,Physical Medicine,CPT
97080,Physical medicine/rehabilitation service 97080,Medicine,Physical Medicine,CPT
97090,Physical medicine/rehabilitation service 97090,Medicine,Physical Medicine,CPT
97100,Physical medicine/rehabilitation service 97100,Medicine,Physical Medicine,CPT
97110,Physical medicine/rehabilitation service 97110,Medicine,Physical Medicine,CPT
97120,Physical medicine/rehabilitation service 97120,Medicine,Physical Medicine,CPT
97130,Physical medicine/rehabilitation service 97130,Medicine,Physical Medicine,CPT
97140,Physical medicine/rehabilitation service 97140,Medicine,Physical Medicine,CPT
97150,Physical medicine/rehabilitation service 97150,Medicine,Physical Medicine,CPT
97160,Physical medicine/rehabilitation service 97160,Medicine,Physical Medicine,CPT
97170,Physical medicine/rehabilitation service 97170,Medicine,Physical Medicine,CPT
97180,Physical medicine/rehabilitation service 97180,Medicine,Physical Medicine,CPT
97190,Physical medicine/rehabilitation service 97190,Medicine,Physical Medicine,CPT
97200,Physical medicine/rehabilitation service 97200,Medicine,Physical Medicine,CPT
97210,Physical medicine/rehabilitation service 97210,Medicine,Physical Medicine,CPT
97220,Physical medicine/rehabilitation service 97220,Medicine,Physical Medicine,CPT
97230,Physical medicine/rehabilitation service 97230,Medicine,Physical Medicine,CPT
97240,Physical medicine/rehabilitation service 97240,Medicine,Physical Medicine,CPT
97250,Physical medicine/rehabilitation service 97250,Medicine,Physical Medicine,CPT
97260,Physical medicine/rehabilitation service 97260,Medicine,Physical Medicine,CPT
97270,Physical medicine/rehabilitation service 97270,Medicine,Physical Medicine,CPT
97280,Physical medicine/rehabilitation service 97280,Medicine,Physical Medicine,CPT
97290,Physical medicine/rehabilitation service 97290,Medicine,Physical Medicine,CPT
97300,Physical medicine/rehabilitation service 97300,Medicine,Physical Medicine,CPT
97310,Physical medicine/rehabilitation service 97310,Medicine,Physical Medicine,CPT
97320,Physical medicine/rehabilitation service 97320,Medicine,Physical Medicine,CPT
97330,Physical medicine/rehabilitation service 97330,Medicine,Physical Medicine,CPT
97340,Physical medicine/rehabilitation service 97340,Medicine,Physical Medicine,CPT
97350,Physical medicine/rehabilitation service 97350,Medicine,Physical Medicine,CPT
97360,Physical medicine/rehabilitation service 97360,Medicine,Physical Medicine,CPT
97370,Physical medicine/rehabilitation service 97370,Medicine,Physical Medicine,CPT
97380,Physical medicine/rehabilitation service 97380,Medicine,Physical Medicine,CPT
97390,Physical medicine/rehabilitation service 97390,Medicine,Physical Medicine,CPT
97400,Physical medicine/rehabilitation service 97400,Medicine,Physical Medicine,CPT
97410,Physical medicine/rehabilitation service 97410,Medicine,Physical Medicine,CPT
97420,Physical medicine/rehabilitation service 97420,Medicine,Physical Medicine,CPT
97430,Physical medicine/rehabilitation service 97430,Medicine,Physical Medicine,CPT
97440,Physical medicine/rehabilitation service 97440,Medicine,Physical Medicine,CPT
97450,Physical medicine/rehabilitation service 97450,Medicine,Physical Medicine,CPT
97460,Physical medicine/rehabilitation service 97460,Medicine,Physical Medicine,CPT
97470,Physical medicine/rehabilitation service 97470,Medicine,Physical Medicine,CPT
97480,Physical medicine/rehabilitation service 97480,Medicine,Physical Medicine,CPT
97490,Physical medicine/rehabilitation service 97490,Medicine,Physical Medicine,CPT
97500,Physical medicine/rehabilitation service 97500,Medicine,Physical Medicine,CPT
97510,Physical medicine/rehabilitation service 97510,Medicine,Physical Medicine,CPT
97520,Physical medicine/rehabilitation service 97520,Medicine,Physical Medicine,CPT
97530,Physical medicine/rehabilitation service 97530,Medicine,Physical Medicine,CPT
97540,Physical medicine/rehabilitation service 97540,Medicine,Physical Medicine,CPT
97550,Physical medicine/rehabilitation service 97550,Medicine,Physical Medicine,CPT
97560,Physical medicine/rehabilitation service 97560,Medicine,Physical Medicine,CPT
97570,Physical medicine/rehabilitation service 97570,Medicine,Physical Medicine,CPT
97580,Physical medicine/rehabilitation service 97580,Medicine,Physical Medicine,CPT
97590,Physical medicine/rehabilitation service 97590,Medicine,Physical Medicine,CPT
97600,Physical medicine/rehabilitation service 97600,Medicine,Physical Medicine,CPT
97610,Physical medicine/rehabilitation service 97610,Medicine,Physical Medicine,CPT
97620,Physical medicine/rehabilitation service 97620,Medicine,Physical Medicine,CPT
97630,Physical medicine/rehabilitation service 97630,Medicine,Physical Medicine,CPT
97640,Physical medicine/rehabilitation service 97640,Medicine,Physical Medicine,CPT
97650,Physical medicine/rehabilitation service 97650,Medicine,Physical Medicine,CPT
97660,Physical medicine/rehabilitation service 97660,Medicine,Physical Medicine,CPT
97670,Physical medicine/rehabilitation service 97670,Medicine,Physical Medicine,CPT
97680,Physical medicine/rehabilitation service 97680,Medicine,Physical Medicine,CPT
97690,Physical medicine/rehabilitation service 97690,Medicine,Physical Medicine,CPT
97700,Physical medicine/rehabilitation service 97700,Medicine,Physical Medicine,CPT
97710,Physical medicine/rehabilitation service 97710,Medicine,Physical Medicine,CPT
97720,Physical medicine/rehabilitation service 97720,Medicine,Physical Medicine,CPT
97730,Physical medicine/rehabilitation service 97730,Medicine,Physical Medicine,CPT
97740,Physical medicine/rehabilitation service 97740,Medicine,Physical Medicine,CPT
97750,Physical medicine/rehabilitation service 97750,Medicine,Physical Medicine,CPT
97760,Physical medicine/rehabilitation service 97760,Medicine,Physical Medicine,CPT
97770,Physical medicine/rehabilitation service 97770,Medicine,Physical Medicine,CPT
97780,Physical medicine/rehabilitation service 97780,Medicine,Physical Medicine,CPT
97790,Physical medicine/rehabilitation service 97790,Medicine,Physical Medicine,CPT
99100,Anesthesia add-on service 99100,Anesthesia,Add-on Services,CPT
99105,Anesthesia add-on service 99105,Anesthesia,Add-on Services,CPT
99110,Anesthesia add-on service 99110,Anesthesia,Add-on Services,CPT
99115,Anesthesia add-on service 99115,Anesthesia,Add-on Services,CPT
99120,Anesthesia add-on service 99120,Anesthesia,Add-on Services,CPT
99125,Anesthesia add-on service 99125,Anesthesia,Add-on Services,CPT
99130,Anesthesia add-on service 99130,Anesthesia,Add-on Services,CPT
99135,Anesthesia add-on service 99135,Anesthesia,Add-on Services,CPT
99140,Anesthesia add-on service 99140,Anesthesia,Add-on Services,CPT
99145,Anesthesia add-on service 99145,Anesthesia,Add-on Services,CPT
99150,Anesthesia add-on service 99150,Anesthesia,Add-on Services,CPT
99201,"Office/outpatient visit, evaluation and management",Evaluation and Management,Office Visits,CPT
99202,"Office/outpatient visit, evaluation and management",Evaluation and Management,Office Visits,CPT
99203,"Office/outpatient visit, evaluation and management",Evaluation and Management,Office Visits,CPT
99204,"Office/outpatient visit, evaluation and management",Evaluation and Management,Office Visits,CPT
99205,"Office/outpatient visit, evaluation and management",Evaluation and Management,Office Visits,CPT
99206,"Office/outpatient visit, evaluation and management",Evaluation and Management,Office Visits,CPT
99207,"Office/outpatient visit, evaluation and management",Evaluation and Management,Office Visits,CPT
99208,"Office/outpatient visit, evaluation and management",Evaluation and Management,Office Visits,CPT
99209,"Office/outpatient visit, evaluation and management",Evaluation and Management,Office Visits,CPT
99210,"Office/outpatient visit, evaluation and management",Evaluation and Management,Office Visits,CPT
99211,"Office/outpatient visit, evaluation and management",Evaluation and Management,Office Visits,CPT
99212,"Office/outpatient visit, evaluation and management",Evaluation and Management,Office Visits,CPT
99213,"Office/outpatient visit, evaluation and management",Evaluation and Management,Office Visits,CPT
99214,"Office/outpatient visit, evaluation and management",Evaluation and Management,Office Visits,CPT
99215,"Office/outpatient visit, evaluation and management",Evaluation and Management,Office Visits,CPT
99216,"Office/outpatient visit, evaluation and management",Evaluation and Management,Office Visits,CPT
99217,"Office/outpatient visit, evaluation and management",Evaluation and Management,Office Visits,CPT
99218,"Office/outpatient visit, evaluation and management",Evaluation and Management,Office Visits,CPT
99219,"Office/outpatient visit, evaluation and management",Evaluation and Management,Office Visits,CPT
99221,Hospital inpatient/observation care,Evaluation and Management,Hospital Visits,CPT
99222,Hospital inpatient/observation care,Evaluation and Management,Hospital Visits,CPT
99223,Hospital inpatient/observation care,Evaluation and Management,Hospital Visits,CPT
99224,Hospital inpatient/observation care,Evaluation and Management,Hospital Visits,CPT
99225,Hospital inpatient/observation care,Evaluation and Management,Hospital Visits,CPT
99226,Hospital inpatient/observation care,Evaluation and Management,Hospital Visits,CPT
99227,Hospital inpatient/observation care,Evaluation and Management,Hospital Visits,CPT
99228,Hospital inpatient/observation care,Evaluation and Management,Hospital Visits,CPT
99229,Hospital inpatient/observation care,Evaluation and Management,Hospital Visits,CPT
99230,Hospital inpatient/observation care,Evaluation and Management,Hospital Visits,CPT
99231,Hospital inpatient/observation care,Evaluation and Management,Hospital Visits,CPT
99232,Hospital inpatient/observation care,Evaluation and Management,Hospital Visits,CPT
99233,Hospital inpatient/observation care,Evaluation and Management,Hospital Visits,CPT
99234,Hospital inpatient/observation care,Evaluation and Management,Hospital Visits,CPT
99235,Hospital inpatient/observation care,Evaluation and Management,Hospital Visits,CPT
99236,Hospital inpatient/observation care,Evaluation and Management,Hospital Visits,CPT
99237,Hospital inpatient/observation care,Evaluation and Management,Hospital Visits,CPT
99238,Hospital inpatient/observation care,Evaluation and Management,Hospital Visits,CPT
99239,Hospital inpatient/observation care,Evaluation and Management,Hospital Visits,CPT
99241,Consultation services,Evaluation and Management,Consultations,CPT
99242,Consultation services,Evaluation and Management,Consultations,CPT
99243,Consultation services,Evaluation and Management,Consultations,CPT
99244,Consultation services,Evaluation and Management,Consultations,CPT
99245,Consultation services,Evaluation and Management,Consultations,CPT
99246,Consultation services,Evaluation and Management,Consultations,CPT
99247,Consultation services,Evaluation and Management,Consultations,CPT
99248,Consultation services,Evaluation and Management,Consultations,CPT
99249,Consultation services,Evaluation and Management,Consultations,CPT
99250,Consultation services,Evaluation and Management,Consultations,CPT
99251,Consultation services,Evaluation and Management,Consultations,CPT
99252,Consultation services,Evaluation and Management,Consultations,CPT
99253,Consultation services,Evaluation and Management,Consultations,CPT
99254,Consultation services,Evaluation and Management,Consultations,CPT
99255,Consultation services,Evaluation and Management,Consultations,CPT
99256,Consultation services,Evaluation and Management,Consultations,CPT
99257,Consultation services,Evaluation and Management,Consultations,CPT
99258,Consultation services,Evaluation and Management,Consultations,CPT
99259,Consultation services,Evaluation and Management,Consultations,CPT
99281,Emergency department services,Evaluation and Management,Emergency Department,CPT
99282,Emergency department services,Evaluation and Management,Emergency Department,CPT
99283,Emergency department services,Evaluation and Management,Emergency Department,CPT
99284,Emergency department services,Evaluation and Management,Emergency Department,CPT
99285,Emergency department services,Evaluation and Management,Emergency Department,CPT
99286,Emergency department services,Evaluation and Management,Emergency Department,CPT
99287,Emergency department services,Evaluation and Management,Emergency Department,CPT
99288,Emergency department services,Evaluation and Management,Emergency Department,CPT
99289,Emergency department services,Evaluation and Management,Emergency Department,CPT
99290,Emergency department services,Evaluation and Management,Emergency Department,CPT
99291,Emergency department services,Evaluation and Management,Emergency Department,CPT
99292,Critical care services,Evaluation and Management,Critical Care,CPT
99304,E/M service type 99304,Evaluation and Management,Other,CPT
99309,E/M service type 99309,Evaluation and Management,Other,CPT
99314,E/M service type 99314,Evaluation and Management,Other,CPT
99319,E/M service type 99319,Evaluation and Management,Other,CPT
99324,E/M service type 99324,Evaluation and Management,Other,CPT
99329,E/M service type 99329,Evaluation and Management,Other,CPT
99334,E/M service type 99334,Evaluation and Management,Other,CPT
99339,E/M service type 99339,Evaluation and Management,Other,CPT
99344,E/M service type 99344,Evaluation and Management,Other,CPT
99349,E/M service type 99349,Evaluation and Management,Other,CPT
99354,E/M service type 99354,Evaluation and Management,Other,CPT
99359,E/M service type 99359,Evaluation and Management,Other,CPT
99364,E/M service type 99364,Evaluation and Management,Other,CPT
99369,E/M service type 99369,Evaluation and Management,Other,CPT
99374,E/M service type 99374,Evaluation and Management,Other,CPT
99379,E/M service type 99379,Evaluation and Management,Other,CPT
99384,E/M service type 99384,Evaluation and Management,Other,CPT
99389,E/M service type 99389,Evaluation and Management,Other,CPT
99394,E/M service type 99394,Evaluation and Management,Other,CPT
99399,E/M service type 99399,Evaluation and Management,Other,CPT
99404,E/M service type 99404,Evaluation and Management,Other,CPT
99409,E/M service type 99409,Evaluation and Management,Other,CPT
99414,E/M service type 99414,Evaluation and Management,Other,CPT
99419,E/M service type 99419,Evaluation and Management,Other,CPT
99424,E/M service type 99424,Evaluation and Management,Other,CPT
99429,E/M service type 99429,Evaluation and Management,Other,CPT
99434,E/M service type 99434,Evaluation and Management,Other,CPT
99439,E/M service type 99439,Evaluation and Management,Other,CPT
99444,E/M service type 99444,Evaluation and Management,Other,CPT
99449,E/M service type 99449,Evaluation and Management,Other,CPT
99454,E/M service type 99454,Evaluation and Management,Other,CPT
99459,E/M service type 99459,Evaluation and Management,Other,CPT
99464,E/M service type 99464,Evaluation and Management,Other,CPT
99469,E/M service type 99469,Evaluation and Management,Other,CPT
99474,E/M service type 99474,Evaluation and Management,Other,CPT
99479,E/M service type 99479,Evaluation and Management,Other,CPT
99484,E/M service type 99484,Evaluation and Management,Other,CPT
99489,E/M service type 99489,Evaluation and Management,Other,CPT
99494,E/M service type 99494,Evaluation and Management,Other,CPT
99499,E/M service type 99499,Evaluation and Management,Other,CPT
